rank,citation,decision,basis,abstract_pillar,study_type,sample_desc,outcome_indicator,tech_indicator,finding_tech,finding_affluence,displacement,supports_decoupling,decoupling_category,verification,doi,openalex_id
155,Creutzig et al. (2022),included,full text,tech_material,narrative review (historical and systemic),"digitalisation-environment literature, global","energy demand, GHG emissions, resource use","ICT / digitalisation (incl. AI, data centres)",digital technologies raise marginal resource efficiency but directly increase energy demand and scale up resource consumption; systemic rebound and scale effects dominate direct footprints,consumption acceleration (scale effects) identified as the main channel,not_tested,mixed,mixed,"Summary Points 3 (p.499-500): 'Digital technologies and artificial intelligence directly increase energy demand, scale up resource consumption ... and increase marginal efficiency in resource use'; abstract: 'digitalization has historically increased environmental impacts at local and planetary scales'",10.1146/annurev-environ-120920-100056,https://openalex.org/W4294549672
161,Jorgenson (2005),excluded: abstract: no explicit technology indicator in the sense of the review (capital intensity and military power as world-systems proxies),abstract,,,,,,,,,,,"abstract: Although unsustainable natural resource consumption has recently garnered significant attention in macrosociology, empirical studies neglect to analyze the environmental impacts of different forms of international power dynamics. This study dissects international power into its various economic, military, and export dependence characteristics, and analyzes their independent effects on per-capita consumption of natural resources, measured as ecological footprints. Findings of the quantitative cross-national analyses indicate that economic power in the form of capital intensity, military technol",10.1525/sop.2005.48.3.383,https://openalex.org/W2133022495
167,York et al. (2009),included,full text,tech_material,four-nation time-series (Prais-Winsten elasticity models),"China, India, Japan, United States, 1961-2003","EF (total, per capita, EF/GDP intensity)",none: decoupling tested directly (EF intensity vs total EF),efficiency (EF intensity) improved in all four whilst total EF grew (Jevons paradox),"dominant: GDP elasticity of EF positive and inelastic in all four, highest in the US (near unity)",not_tested,relative_only,relative_only,p.142: 'In all four nations the relationship between the GDP and EF is positive and inelastic'; abstract: 'ecological intensity of the economy declined ... but the total national EF increased substantially',10.5195/jwsr.2009.319,https://openalex.org/W2271129245
175,Li et al. (2022),excluded: full text: article retracted by the journal (7 August 2025),full text,tech_material,panel FMOLS/DOLS,"MINT countries (Mexico, Indonesia, Nigeria, Turkey), 2000-2020",CO2 emissions,"technological innovation (patent applications), green investment",technological innovation reported to increase CO2; green investment to reduce it,U-shaped EKC reported,not tested,n/a,,full text header (Frontiers PDF): 'RETRACTED: The Impact of Green Investment ... Retracted: 07 August 2025',10.3389/fenvs.2022.868704,https://openalex.org/W4221012522
176,Latief et al. (2022),included,abstract,tech_material,panel quantile regression with GMM,"Union for the Mediterranean countries by income level, 2001-2016",environmental degradation,green innovation,green innovation reduces environmental degradation in upper-middle- and high-middle-income countries; education reduces it in high-income countries,coded from abstract,not stated in abstract,technology reduces degradation (panel econometrics),supports_technology_effect,"abstract: This study aims to examine the environmental dynamics in the Union for Mediterranean (UFM) countries by considering education, urbanization, green innovation, and other key factors for the period 2001–2016. The data are divided based on the income level of UFM countries and analyzed with panel quantile regression, panel unit root tests, panel co-integration test, ordinary least squares method, and fixed effects model to evaluate the nexus between variables. A generalized method of moments (GMM) is employed to deal with the endogeneity issue in the panel data. The results of the study confirm t",10.3390/en15155456,https://openalex.org/W4288067255
186,Wei et al. (2023),included,full text,tech_material,panel CS-ARDL with AMG and CCEMG robustness; Dumitrescu-Hurlin causality,"world's top 10 'green future' economies, 1990-2018",CO2 emissions (environmental quality),green technological innovation; renewable energy consumption; green trade; inward FDI,green technological innovation and green growth associated with lower CO2; bidirectional causality,green growth (environmentally adjusted growth) reduces CO2; conventional affluence not isolated in abstract,not tested,technology reduces CO2 (panel econometrics; Tier C group),supports_technology_effect,abstract: 'This analysis concluded that environmental quality is significantly improving through green technological innovation and growth',10.3389/fenvs.2022.1076859,https://openalex.org/W4313827617
195,Warlenius (2023),"excluded: abstract: analytical scenario arithmetic without an empirical model (same rule as the essay by Priewe, 2022)",abstract,,,,,,,,,,,"abstract: In the debate between proponents of green growth and degrowth, the core issue is whether decoupling carbon emissions and resource use from GDP growth is possible, and if so, possible at a rate fast enough to achieve policy goals such as global warming of maximum 1.5 °C or 2 °C. In this paper, the claims by degrowth scholars on the limits of decoupling growth and carbon emissions are critically examined by assessing the economic and climate consequences of their claims. It is claimed that their pessimistic view on decoupling is not based on robust arguments but rather mystifications of what dec",10.1016/j.ecolecon.2023.107937,https://openalex.org/W4385009166
244,Sarkodie (2021),"excluded: abstract: no explicit technology indicator; convergence analysis, decoupling not assessed directly",abstract,,,,,,,,,,,"abstract: The long-run effect of the synergy between natural resource consumption and environmental sustainability varies across countries depending on the economic structure. However, the transboundary effect of natural resource capital underscores the importance of environmental convergence. Here, we map ecological performance, biocapacity, and carbon footprint of nations. We assess the socio-economic drivers of environmental performance and convergence using novel cross-country time series techniques. We find that the expansion of biocapacity of nations has an ameliorating effect on ecological perfor",10.1016/j.scitotenv.2020.141912,https://openalex.org/W3080413620
249,Lenzen et al. (2022),included,full text,tech_material,global MRIO accounting + panel regression,"164 regions, 1990-2019 (material balance extended to 1970)","MF (per capita; biomass, fossil fuels, metal ores, non-metallic minerals)",material intensity of production (technology term in MF regression),material intensity fell but no mitigating effect on footprints is discernible because of rising affluence,"dominant (GDP elasticities 0.37 biomass, 0.98 fossil, 0.81 metals, 0.96 minerals, all >0)",MF vs DE trade balance reported (HICs net importers),relative_only,relative_only,"p.9-10 (accepted manuscript): 'All elasticities are significantly larger than 0, meaning that there is no evidence of absolute decoupling in recent decades'; 'a corresponding mitigating effect of improved technology on footprints is not discernible ... because of increasing affluence'",10.1038/s41893-021-00811-6,https://openalex.org/W4200083698
265,Simpson et al. (2019),included,abstract,tech_material,"multilevel growth models, panel","113 countries; world, developed and less-developed samples",total and source-sector CO2 emissions,"ICT development (fixed telephone, internet use)",fixed-telephone development a strong predictor of higher CO2 in less-developed countries; framed as a treadmill of information against ecological modernisation,coded from abstract,not stated in abstract,mixed: ICT development raises CO2 in less-developed countries,mixed,"abstract: The world is facing a crisis of global warming due to the release of CO2 and other greenhouse gasses by human activities. Many scholars and stakeholders argue that information and communication technology (ICT) development will mitigate CO2 emissions. Advocacy of technological solutions to CO2 mitigation is consistent with ecological modernization theory's assertion that reflexive societies will modernize sustainably. In contrast, we define the “treadmill of information” as the unique contribution of ICT development to environmental degradation. We examine the impact of ICT development on tota",10.1525/sod.2019.5.4.381,https://openalex.org/W2993496297
283,Wiedenhofer et al. (2021),included,abstract,tech_material,"dynamic stock-flow model, 14 bulk materials","nine world regions, 1900-2015, trend scenarios to 2035",material stocks and flows,none: saturation of stocks assessed directly,stocks growing in all regions with little sign of saturation; China used half of global stock-building materials in 2015,coded from abstract,not stated in abstract,relative_only (no saturation of stocks),relative_only,"abstract: Material stocks in infrastructure, buildings and machinery shape current and future resource use and emissions. Analyses of specific countries and selected materials suggest that material stocks might saturate, which would be important for a more sustainable social metabolism. However, it is unclear to what extent the evidence holds for a wider range of stocks and flows, as well as for world regions or globally. We present an inflow-driven dynamic stock-flow model for 14 bulk materials, end-of-life outflows, recycling, and waste flows for nine world regions from 1900 to 2015, extended with tre",10.1016/j.gloenvcha.2021.102410,https://openalex.org/W3213160484
286,Gierałtowska et al. (2022),included,abstract,tech_material,fixed effects and two-step system GMM,"163 countries, 2000-2016",CO2 emissions,residents' patents (innovation); renewable energy consumption,"renewable energy reduces CO2 (a 1% increase, 1.2% decrease); patents have a non-linear effect; inverted-U EKC",coded from abstract,not stated in abstract,"mixed: renewables reduce CO2, patents non-linear",mixed,"abstract: A fixed effects regression and two-step system generalized method of moments (GMM) is used to analyze secondary data from the World Bank, covering 163 countries over the period from 2000 to 2016. The study tests the relationship between renewable energy, urbanization, and CO2 emissions. The empirical results show that urbanization has an inverted U-shaped relationship with CO2 emissions, while renewable energy consumption mitigates CO2 emissions. If causal, a 1% increase in renewable energy use leads to a 1.2% decrease in CO2 emissions. The results also show that the GDP per capita has an inve",10.3390/en15093390,https://openalex.org/W4229069547
302,Alataş et al. (2024),included,abstract,tech_material,four-component stochastic frontier panel,"EU countries, 1995-2019",domestic material consumption and material-efficiency performance,material-efficiency performance (frontier),economic growth and energy consumption are the main drivers of material demand,coded from abstract,not stated in abstract,no (growth and energy drive DMC),no,"abstract: Abstract Materials are of great importance as they are fundamentally integrated into many different critical topics, including green transition, technological progress, industrial emissions, and supply chains. Therefore, the amount of materials we demand and employ in the production process or how efficiently we use them become highly crucial. In this paper, we study the emerging role of materials with a special focus on the key role of material efficiency (ME) in climate mitigation. To this end, we empirically investigate the main determinant of material demand and evaluate the ME performance",10.1002/sd.2648,https://openalex.org/W4382723195
348,Lin et al. (2023),included,abstract,tech_material,system GMM and FGLS,"developing Belt and Road host countries, 2000-2018",emissions,"productive-capacity indices (ICT, human capital, energy, governance); technological innovation",cumulative productive capacity and technological innovation reduce emissions; natural resources raise them,coded from abstract,not stated in abstract,technology reduces emissions (panel econometrics),supports_technology_effect,abstract: Global climate change and environmental pollution force humanity to create new sustainable growth models. Growth policy relies heavily on the pillars of sectoral productivity: resource efficiency and sustainable resource management. This research adds to the determination of the impact of the numerous productive capacity indices (PCI) and natural resources on the ecological sustainability of emerging Belt and Road host nations from 2000 to 2018. The study utilized the system generalized method of moments (Sys-GMM) and the Feasible generalized least squares (FGLS) estimators to analyze the asso,10.1016/j.resourpol.2023.103776,https://openalex.org/W4381548479
349,McGee & Greiner (2018),included,abstract,tech_material,panel regression,"developed nations, 1985-2011",CO2 emissions vs economic growth,none: decoupling assessed directly; income inequality as moderator,rising income inequality tightens the growth-CO2 coupling; a larger top-20% income share strengthens it and a larger bottom-20% share weakens it,coded from abstract,not stated in abstract,mixed: coupling moderated by income inequality,mixed,"abstract: In the past two decades, income inequality has steadily increased in most developed nations. During this same period, the growth rate of CO 2 emissions has declined in many developed nations, cumulating to a recent period of decoupling between economic growth and CO 2 emissions. The aim of the present study is to advance research on socioeconomic drivers of CO 2 emissions by assessing how the distribution of income affects the relationship between economic growth and CO 2 emissions. The authors find that from 1985 to 2011, rising income inequality leads to a tighter coupling between economic g",10.1177/2378023118772716,https://openalex.org/W2801506382
354,Mazhar et al. (2025),included,full text,tech_material,"STIRPAT panel time-series (unit roots, cointegration, long-run estimators), two technological phases","19 technologically advanced economies, 1980-2023",CO2 emissions; ecological footprint,"eco-digitalisation (ICT-based), green technology, green finance","eco-digitalisation, green technology and green finance reduce CO2 and EF; heterogeneous across technological phases",affluence and population in the STIRPAT model (signs not stated in abstract),not tested,technology reduces CO2 and EF (panel econometrics; Tier C group),supports_technology_effect,"abstract: 'eco-digitalization, green technology, and green finance help to boost environmental sustainability by reducing carbon emissions and ecological footprints in technologically advanced economies'",10.64534/comm.2025.002,https://openalex.org/W4413636514
358,McGee et al. (2020),excluded: not assessable (full text not retrievable; abstract absent or without the direction of the finding),title and abstract,,,,,,,,,,,"Understanding how carbon dioxide emissions (CO2) can be decoupled from economic growth is an important part of planning for climate change mitigation. A variety of critical environmental theories contend that the oppression of marginalized groups is interconnected with the mistreatment and destruction of nature. As a result, social equity, or the removal of barriers of structural inequality, often",10.1080/23251042.2020.1736364,https://openalex.org/W3009243847
368,Moriarty & Honnery (2023),included,abstract,tech_material,narrative review,global decoupling literature; ICT,CO2 emissions and ecological footprint vs GDP,ICT innovations,"absolute decoupling may have occurred in some countries even after accounting for imports, but not globally; very high correlation between global GDP and CO2 and ecological footprint over three decades",coded from abstract,not stated in abstract,no (global): review,no,"abstract: Our planet faces several serious and urgent challenges to sustainability including, but not limited to, climate change; however, most researchers argue that technological solutions can solve these problems. This review first examines the prospects for decoupling environmental damages in general from economic growth, considered at the global level; then, it looks at whether the recent advances in information and communication technology (ICT) can help. It is argued that although absolute decoupling may have occurred in some countries—even after accounting for energy-intensive imports—it has not",10.3390/su15108043,https://openalex.org/W4376958430
409,Cetin et al. (2025),excluded: not assessable (full text not retrievable; abstract absent or without the direction of the finding),title and abstract,,,,,,,,,,,"Abstract Addressing environmental pollution is fundamental to establishing sustainable development across the globe. While navigating the Fourth Industrial Revolution, it is of critical relevance for economies worldwide to come up with innovative measures that can withstand the factors driving environmental pollution. On that note, this study explores the technological innovation‐environmental pol",10.1111/1477-8947.12458,https://openalex.org/W4393227851
439,Hassan et al. (2023),included,full text,tech_material,"cross-national panel (CS-ARDL), two sub-panels","G7 and E7 economies (14 countries), 1995-2020",EF (Global Footprint Network),"ICT diffusion (internet users, % of population); eco-innovation (environment-related technologies as % of all technologies, i.e. patent share)",long-run elasticities significant but small: ICT -0.02 (E7) and -0.03 (G7); eco-innovation -0.01 (E7) and -0.02 (G7),GDP per capita +0.16 (E7) and +0.07 (G7); energy consumption +0.10 (E7) and +0.52 (G7): affluence and energy dominate,not_tested,"mixed: small negative technology elasticities, affluence and energy dominate",mixed,"p.12-13: 'A 1% increase in information and communication technology and eco-innovations improve the environmental quality by decreasing the ecological footprint by 0.02 and 0.01 percent' (E7); 'a 1% improvement in natural resources, ICT, economic innovation, and population cut the ecological footprint by 0.01, 0.03, 0.02, and 0.09 percent' (G7); GDP +0.16 / +0.07, energy +0.10 / +0.52",10.1371/journal.pone.0287715,https://openalex.org/W4386699897
458,Qayyum et al. (2021),included,full text,tech_material,cross-country dynamic panel (system GMM),"34 OECD and 24 non-OECD countries (58), 1995-2015","carbon emissions embodied in exports (EEE) and imports (EEI), domestic and foreign components","Economic Complexity Index; technology effect (emission intensity), scale and composition effects",heterogeneous: higher complexity reduces the marginal effects of export scale and structure on foreign EEE (not domestic EEE); technology effect on EEE enhanced by complexity; no strong indirect effect on foreign EEI; asymmetric between high-income and low/middle-income countries,scale effect (economic activity) a significant driver of embodied emissions,embodied carbon in trade is the outcome (consumption-perspective relevance); dual pillar: displacement (5) secondary,mixed: heterogeneous and income-asymmetric effects of complexity on embodied carbon,mixed,"abstract (p.54015): 'The improvement of economic complexity can decrease the marginal effects of export scale and export structure on foreign EEE (but not domestic EEE) significantly, while the marginal positive impacts of technology on EEE can be further enhanced by economic complexity growth ... asymmetric impacts of economic complexity between high-income countries and low- and middle-income countries'",10.1007/s11356-021-14414-3,https://openalex.org/W3165494894
480,Chovancová & Vavrek (2020),included,full text,tech_material,cross-country decoupling index analysis (index decomposition) with spatial autocorrelation,"28 EU countries, 2008-2016",final energy consumption; GHG emissions (territorial); renewable share,none: decoupling tested directly (renewable share coupling reported),renewable share rose with GDP in 25 countries,decoupling indices relative to GDP growth; authors note indices favour near-zero-growth countries in the crisis period and that offshoring can mimic decoupling,not tested (production-based); offshoring caveat stated,"yes: territorial energy and GHG in most EU countries, 2008-2016 (post-crisis period)",supports_territorial,"p.2096: 'Final energy consumption, absolute decoupling occurs in 20 cases (71%). In the case of impact decoupling index measured as production of GHG emissions, the absolute decoupling is present in 25 cases (89%)'; p.2098 offshoring caveat",10.15244/pjoes/110613,https://openalex.org/W3000782533
497,Dorninger & Shmelev (2016),excluded: not assessable (full text not retrievable; abstract absent or without the direction of the finding),title and abstract,,,,,,,,,,,"International trade is becoming increasingly important in the strategies of industrialized economies ('core' countries) to meet their physical needs and maintain their social metabolism. Less industrialized ('non-core') countries, in particular those with low population densities such as countries in South America, provide a large share of the natural resources currently being used by the 'core' c",10.2458/v23i1.20240,https://openalex.org/W2620413123
512,Iorember et al. (2024),included,abstract,tech_material,cross-sectionally augmented ARDL and Tapio decoupling index,"BRICS countries, 1990-2019",CO2 emissions,"financialisation, human capital, energy security risk (no technology proxy)",inverted-U EKC; decoupling of carbon emissions confirmed with heterogeneous Tapio statuses across the BRICS,coded from abstract,not stated in abstract,"mixed: EKC-based decoupling claim, heterogeneous",mixed,"abstract: Abstract Against the backdrop of persistent climate change and deteriorating environmental pressure, this study integrates financialization, human capital, and energy security risks to provide new insight into decoupling carbon emissions from economic growth. The study employs annual panel data on the BRICS (Brazil, Russia, India, China, and South Africa) countries for the period of 1990–2019. The research employs the C‐S ARDL approach and the Tapio decoupling index to assess the decoupling status of the BRICS countries. In addition, this study applies the recently developed Juodis, Karavias, ",10.1111/rode.13077,https://openalex.org/W4390236533
544,Carmona et al. (2021),included,full text,tech_material,global exergy-based accounting of energy and material flows and stocks,"global, 1900-2010","primary and useful exergy flows (energy and materials), exergy in stocks",primary-to-useful exergy efficiency (8% to 16%),efficiency doubled but far from what climate targets require; stock intensity fell through a shift in stock composition rather than dematerialisation in mass terms,resource flows per unit of economic activity fell (primary 58.5 to 17.0 GJ/$; useful 4.7 to 2.8 GJ/$) whilst absolute flows grew almost eightfold,not_tested,relative_only,relative_only,"abstract (accepted manuscript p.1, lines 19-28): 'The amount of resource flows required per unit of economic activity decreased ... indicating relative decoupling'; 'due to a shift in stock composition rather than dematerialisation in mass terms'",10.1016/j.resconrec.2020.105226,https://openalex.org/W3097453793
566,Gupta (2015),included,abstract,tech_material,OECD DPSIR decoupling indicators,OECD member countries,"GHG, CO2, SOx, NOx, energy, water abstraction and waste vs GDP",none: decoupling assessed directly,"relative rather than absolute decoupling for most indicators: pressures still increase, at a lower rate than GDP",coded from abstract,not stated in abstract,relative_only,relative_only,"abstract: The purpose of this study is to closely examine the evidence of decoupling of economic growth from environmental degradation as experienced by OECD member countries. In order to analyze these aspects and to explore the comparative assessment, this work has utilized available statistical data of OECD. The study employed DPSIR methods outlined in the OECD report, which state that Indicators measure the decoupling of environmental pressure from economic growth for analyzing environmental pressure/degradation indicators, such as population growth, energy production, greenhouse gas (GHG) emission, ",10.1080/13504509.2015.1088485,https://openalex.org/W2152471389
571,Sobirov et al. (2024),included,full text,tech_material,"panel quantile regression (MMQR) with FMOLS, DOLS and Driscoll-Kraay","14 leading CO2-emitting countries in Asia, 1996-2020",CO2 emissions,ICT development (internet use); alternative energy use,ICT raises CO2 at higher quantiles (favourable only at the fifth quantile); renewable energy use lowers CO2,GDP raises CO2; inverted-U EKC supported,not tested,"mixed: ICT raises CO2 at most quantiles, renewables lower it (panel econometrics; Tier C group)",mixed,"Results: 'ICT had a detrimental impact on CO2 emissions in higher quantiles, whereas this connection was favorable and was statistically significant at the fifth quantile'; 'ICT technology decreases the environmental quality in Asian nations'",10.3390/su16062243,https://openalex.org/W4392562141
584,Singh & Eisenmenger (2010),excluded: not assessable (full text not retrievable; abstract absent or without the direction of the finding),title and abstract,,,,,,,,,,,"Founded by Immanuel Wallerstein, the 'world system' perspective offers a theoretical approach to discuss the origins, nature and consequences of western society that emerged after 1500 A.D.",10.20446/jep-2414-3197-26-4-57,https://openalex.org/W2605728354
589,Priewe (2022),"excluded: full text: analytical essay with scenario arithmetic, no empirical model or estimation",full text,tech_material,analytical essay with scenario arithmetic (GDP growth vs emission-intensity reduction),"global; Global North vs South; 1990-2018 descriptives (WDI, OWID)",GHG and CO2 emissions (production- and consumption-based descriptives),emission intensity of GDP (reduction rate i vs growth g),decarbonisation requires the emission-intensity reduction rate to exceed GDP growth; globally brown growth predominant (GHG +1.5%/yr 1990-2018),"zero growth per se not sufficient; both variables matter, intensity reduction more","CB exceed PB CO2 in advanced economies (EU-28 +21%, UK +41%, Sweden +66%, 2019)",n/a (no new estimation),,"p.19-20 (abstract and Section 1): 'Globally, brown growth is still predominant'; 'The reduction rate of the EI ... has to exceed approximately the GDP growth rate g in order to shrink GHG emissions'",10.4337/ejeep.2022.01.04,https://openalex.org/W4313170655
602,Plank et al. (2022),included,full text,tech_material,economy-wide material flow database and long-term analysis (stock-building materials),"177 countries, 1900-2016, 14 stock-building materials; four income groups","primary gross additions to stock (GAS_prim), raw material extraction for stock-building",none: decoupling tested directly (per-capita GAS_prim vs GDP across countries and time),no indication of development pathways substantially less material-intensive in stock-building than in the past,global GAS_prim grew exponentially largely in unison with GDP; per-capita GAS_prim and GDP decoupled only relatively,not_tested (China dominates global dynamics since the 1990s),relative_only,relative_only,"abstract (p.1): 'Across all countries, we find that per-capita GAS prim and GDP decoupled over time. However, we find no indications for novel economic development pathways which are substantially less material-intensive in terms of stock-building than in the past'",10.1016/j.resconrec.2021.106122,https://openalex.org/W4200342938
615,Papież et al. (2022),excluded: not assessable (full text not retrievable; abstract absent or without the direction of the finding),title only,,,,,,,,,,,[no abstract],10.1016/j.enpol.2022.113247,https://openalex.org/W4295677951
622,Naqvi (2021),included,full text,tech_material,sub-national panel (NUTS 2 regions) decoupling factors and event-study difference-in-differences on policy stringency,"EU NUTS 2 regions, 1995-2015 (EDGAR v5 grid emissions; ARDECO output)","eight emission types (CO2, N2O, CH4, NH3, NOx, PM10, PM2.5, SO2), territorial",none: decoupling tested directly; OECD Environmental Policy Stringency index as treatment,"strong environmental policies reduce emissions, heterogeneously by type and regional income",decoupling measured relative to regional output; most reductions achieved before 2008; post-2008 very weak decoupling or coupling,not tested (production-based),"mixed: relative decoupling before 2008, weak or none after",mixed,"abstract (p.1): 'Regions on average show decoupling of emissions from output but most of the emission reductions are achieved before the 2008 financial crisis. Post 2008, very weak decoupling and even coupling can be observed'",10.1016/j.jclepro.2021.129130,https://openalex.org/W3203648583
632,Hao (2020),included,abstract,displacement,Prais-Winsten regression with panel-corrected standard errors; descriptive trade balances,"89 countries, 1990-2015",production- and consumption-based CO2 emissions,none,"trade has benefited high-income countries by reducing their emissions, offset by increases in middle- and low-income countries where pollution-intensive goods are produced; the relationship has become increasingly unequal",coded from abstract,"trade has benefited high-income countries by reducing their emissions, offset by increases in middle- and low-income countries where pollution-intensive goods are produced; the relationship has become increasingly unequal",no (emissions displacement through trade),displacement,"abstract: This study aims to understand the uneven distribution of CO2 emissions between high-income countries (HICs) and middle and low-income countries (MLICs). In this paper, I expand on previous research by including additional measures of ecologically unequal exchange and I also identify the underlying causes to that exchange. I use both productionbased and consumption-based CO2 emissions as outcome measures. The descriptive statistics for 89 countries from 1990 to 2015 show that the HICs are net-exporters while the MLICs are net-importers of CO2 emissions, and the structural relationship has becom",10.1016/j.soscij.2019.01.009,https://openalex.org/W2911308729
667,Sadorsky (2020),excluded: not assessable (full text not retrievable; abstract absent or without the direction of the finding),title and abstract,,,,,,,,,,,"The 2008–2009 financial crisis, often referred to as the Great Recession, presented one of the greatest challenges to economies since the Great Depression of the 1930s. Before the financial crisis, and in response to the Kyoto Protocol, many countries were making great strides in increasing energy efficiency, reducing carbon dioxide (CO2) emission intensity and reducing their emissions of CO2. Dur",10.3390/su12093867,https://openalex.org/W3023039829
702,Cooray & Özmen (2024),excluded: full text: no explicit technology indicator (institutional-quality study),full text,tech_material,"extended STIRPAT with EKC, ridge and lasso regression; split by institutional strength","22 EU countries, 2002-2020",CO2 emissions,"none tested: institutional-quality variables are the focus; primary energy consumption, population density and urbanisation as determinants",not tested,"EKC framework; energy consumption, population density and urbanisation more important than institutions",not tested,n/a,,"abstract: 'variables such as population density, urbanization and energy consumption are more important determinants of carbon emissions in the European Union compared to institutional governance'",10.1007/s00181-024-02579-y,https://openalex.org/W4393126510
709,Giljum et al. (2016),included,full text,displacement,MRIO material-footprint accounting with production layer decomposition (EXIOBASE 3),"EU-28 final demand in global context, 1995-2011","material footprint (RMC) by material group, product group and country of origin",none,not tested,not modelled,share of EU material footprint extracted within EU territory fell from 68% (1995) to 35% (2011); by 2011 extraction in China for EU exports equalled extraction within the EU; only 13% of metal ores required by EU final demand extracted within the EU; supply chains increasingly located outside the EU,no (geographical shift of extraction outside the EU),displacement,"abstract (p.1): 'the share of materials extracted within the EU territory falling from 68 % in 1995 to 35 % in 2011. In 2011, raw materials extracted in China to produce exports to the EU already contributed an equal share to EU's material footprint as material extraction within the EU itself'",10.1186/s40008-016-0048-5,https://openalex.org/W2417137410
758,Mushafiq & Prusak (2023),included,full text,tech_material,panel ARDL and non-linear ARDL with EKC test; sub-samples clustered by material footprint (expectation-maximisation),"EU-27, 2000-2020 (Czech Republic lacks MF data)","GHG emissions per capita (territorial, Eurostat)",resource productivity (euro per kg of DMC); material footprint per capita (UNEP) as classifier,higher resource productivity lowers GHG in the full sample (short and long run); heterogeneous by MF cluster (long-run asymmetric effect only in high-MF countries; mixed in moderate-MF),EKC validated in moderate- and low-MF sub-samples only,not tested (territorial GHG); MF used only as a grouping variable,"mixed: efficiency lowers territorial GHG on average, conditional on material-footprint level",mixed,"Methods and material: 'Environmental degradation is measured through the total greenhouse gases, whereas the resource productivity itself is a measure available at EuroStat'; abstract: 'In full sample of EU-27, both symmetric and asymmetric methods show that the short run and long run increase of resource productivity lower the environmental degradation'",10.1007/s11356-023-26631-z,https://openalex.org/W4361299165
760,Rammelt & Ylla-Catala (2025),included,full text,displacement,"economy-wide material flow analysis (UN IRP Global Material Flows Database), income and decile clusters","187 countries plus rest of world, 1970-2024","raw material equivalents of trade (RTB), raw material consumption (RMC), domestic extraction",none,not tested,HICs consume 25.4% more RME than they extract; LICs 13.3% less; LICs export 6 t of RME to earn what HICs earn from 1 t (12.7 t for net-exporter LICs),"HICs accumulated 290 Gt of RME as net imports 1970-2024; UMICs, LMICs and LICs net-exported 164, 53.1 and 9.6 Gt; new phase of intensified disparities since 2015",no (net material transfers to high-income countries),displacement,"abstract (p.341): 'From 1970 to 2024, HICs accumulated 290 gigatons (Gt) of raw material equivalents (RMEs) as net imports, while upper-middle-income, lower-middle-income, and low-income countries net-exported 164 Gt, 53.1 Gt, and 9.6 Gt'; 'identifies a new phase of intensified disparities since 2015'",10.5195/jwsr.2025.1298,https://openalex.org/W4409540095
769,Alnafisah et al. (2024),included,abstract,tech_material,panel econometrics (innovation Kuznets curve),"six MENA countries, 1990-2019",CO2 emissions,patents (residents),patents raise CO2 with a significant negative quadratic term (inverted U),coded from abstract,not stated in abstract,mixed: inverted-U relation between patents and CO2,mixed,"abstract: This study investigates the relationship between technological innovation, renewable energy, economic growth, and carbon dioxide (CO2) emissions in a group of six specific Middle East and North Africa (MENA) countries from 1990 to 2019. The study utilizes the modified innovation environmental Kuznets curve model (ICC) theory to examine the potential existence of an inverted U-shaped curve between innovation and environmental quality in these selected MENA countries. Various econometric methods are employed to analyse the data. The results show a positive and significant impact of patents for r",10.3390/en17040904,https://openalex.org/W4391846548
789,Frodyma et al. (2020),included,abstract,tech_material,Tapio decoupling indices with k-medoids clustering,"141 countries, 25 years",fossil-fuel use measured as DMC and as material footprint,none: decoupling assessed directly; DMC vs MF compared,relative decoupling in most cases with DMC; absolute decoupling only in highly developed countries and only with DMC; decoupling states change more often under MF,coded from abstract,not stated in abstract,mixed: territorial (DMC) decoupling not confirmed by the material footprint,mixed,"abstract: This study offers an in-depth analysis of the decoupling of economic growth from fossil fuel use in 141 countries over the last 25 years. The study is based on the Tapio decoupling approach, and two methods of measuring fossil fuel use, i.e., domestic material consumption (DMC) and material footprint (MF), are applied. Groups of countries with similar decoupling patterns are identified through the k-medoids method. Next, the relationship between these patterns and the level of countries’ development is examined. The results reveal that using different measures of fossil fuel use yields differe",10.3390/en13246671,https://openalex.org/W3113007429
807,Wu et al. (2023),included,full text,tech_material,"MRIO decoupling analysis (EXIOBASE 3.6), production-, consumption- and technology-adjusted consumption-based GHG","44 economies, 2005-2015","GHG emissions (PBE, CBE, TCBE)",technology-adjusted consumption-based accounting (export emissions at global average sector intensity); GHG intensity,economies with lower or faster-falling GHG intensity show higher decoupling degree; TCBE credits efficiency,not modelled (decoupling index vs GDP / supply-chain value added),"developed economies show lower decoupling under CBE than PBE (Japan, Canada, Norway, Austria, Germany, Cyprus); dual pillar: displacement (5)",mixed,mixed,"p.17-18 (Section 3.2): 'Fifteen of the total forty-four individual economies achieved absolute decoupling from both PBEs and CBEs during 2005-2010, whereas only eight economies achieved absolute decoupling during 2010-2015'",10.1016/j.spc.2023.09.003,https://openalex.org/W4386514784
838,Aguir Bargaoui & Zouheir Nouri (2017),included,full text,tech_material,dynamic panel STIRPAT (GMM) testing environmental-sociology theories,"114 developed and developing countries, 1980-2010",CO2 emissions,energy efficiency (STIRPAT technology term); industry share; institutional and world-system variables,"energy efficiency reduces CO2 but growth dominates: 'current economic growth deteriorates environmental quality, even if we try to dematerialize our economies or to make changes at the institutional level'","population, affluence and industry share significantly increase CO2; EKC validated in one specification","world-system position tested (treadmill of destruction, world-system theory)",no,no,"abstract: 'Findings support the fact that our human society cannot be optimistic about achieving sustainability since the current economic growth deteriorates environmental quality, even if we try to dematerialize our economies or to make changes at the institutional level'",10.5171/2017.947798,https://openalex.org/W2756008540
870,Rasul & Hertwich (2023),included,full text,tech_material,"MRIO decomposition analysis (EXIOBASE), index decomposition and footprint analysis","global, 1995-2018, three periods; high-income vs lower-income regions",GHG emissions from primary metal production attributed to downstream final demand (carbon footprint of primary metals),energy efficiency of metal production; emission intensity; metal consumption intensity,improved energy efficiency drove emissions down substantially (-8.10 Gt in the last period); emission intensity turned into an upward driver (coal-based refining in China); metal consumption intensity fell in high-income regions (about -1.18 Gt per period),population and especially rising affluence drove emissions up in all regions and periods,consumption-based attribution; global production concentrated in China,"mixed: absolute decoupling of metal-related GHG in high-income regions in the most recent period, global emissions rising with GDP",mixed,"Results (PMC full text): 'Globally, the emission intensity changed from being a small downward driver in the first period (-0.36 Gt) to a notable upward driver in the last two periods (+1.21 and +1.97 Gt). Counterweighing these upward drivers improved energy efficiency ... driving down emissions substantially for all regions, particularly during the last period (-8.10 Gt)'; abstract: 'This absolute decoupling in industrialized countries is mainly driven by reduced metal consumption intensity and improved energy efficiency'",10.1021/acs.est.2c05857,https://openalex.org/W4372335609
871,Qiao et al. (2022),included,full text,tech_material,"STIRPAT panel, CS-ARDL (short and long run), with mediation channels",eight APEC member countries (period per data section; to confirm),ecological footprint,technological innovation; fiscal decentralisation; economic globalisation; energy use,fiscal decentralisation and technological innovation mitigate the ecological footprint (abstract),economic growth as a channel; sign to confirm at full text,not tested,technology reduces EF (panel econometrics; Tier C group),supports_technology_effect,abstract (screening record): 'The empirical results show that fiscal decentralization and technological innovation m[itigate the ecological footprint]' - full text (Europe PMC XML) available; results table not parsed in digest,10.3390/ijerph191610146,https://openalex.org/W4292295323
892,Engström & Kolk (2024),included,full text,tech_material,IPAT/STIRPAT-based projection (theoretical modelling),"global; climate (GHG) and land-use impacts, projections through the 21st century",GHG emissions (CO2e); arable/grazing land,"technology term T (extrapolated trends, STIRPAT-derived elasticities, IPCC-type forecasts)",the large amount of technological mitigation assumed in many forecasts makes affluence and population relatively irrelevant for climate impact; technology does not play that role for land use,affluence and population remain determinants of land-use impact; for climate they matter only if assumed technological mitigation fails,not_tested,conditional_model_based,conditional_model_based,"abstract (p.1): 'We argue that the large amount of technological mitigation assumed in many forecasts makes affluence and population relatively irrelevant for climate change. However, we also consider it likely that both factors will be determinants of land use impact in the 21st century'",10.1553/p-n5en-z38a,https://openalex.org/W4391437761
934,Bento (2023),included,abstract,tech_material,bottom-up appliance simulation to 2050,"global, decent living standards under a 1.5 C constraint",materials and energy demand of consumer goods,digital convergence and sharing of appliances (ICT-enabled),innovations could limit appliance growth to 135% and reduce energy demand by 28% by 2050,coded from abstract,not stated in abstract,conditional_model_based,conditional_model_based,"abstract: Abstract Access to modern energy services (entertainment, food preparation, etc) provided by consumer goods remains unequal, while growing adoption due to rising incomes in Global South increases energy demand and greenhouse gas emissions. The current model through which these energy services is provided is unsustainable and needs to evolve—a goal that emerging social and technological innovations can help to achieve. Digital convergence and the sharing economy could make access to appliances more affordable and efficient. This article estimates the effect of innovations around digital converg",10.1088/1748-9326/ad067e,https://openalex.org/W4387899264
1059,El Tinay (2024),included,abstract,displacement,cross-national EUE analysis by semi-periphery tiers,"non-core countries, 1996-2018",carbon emissions embodied in trade,none,"patterns of ecologically unequal exchange vary across semi-periphery tiers (semi-core, regional powers, secondary regional states)",coded from abstract,"patterns of ecologically unequal exchange vary across semi-periphery tiers (semi-core, regional powers, secondary regional states)",no (tiered displacement among non-core countries),displacement,"abstract: Social science research has been increasingly interested in the relationships between the environment and the economy. One critical research agenda – ecological unequal exchange – has explored the asymmetric flow of resources and unequal distribution of environmental harms across the world economy, particularly between high-income and low-income countries. However, research into the relationship between middle-income nations and low-income nations has been relatively minimal. This study, building off a world-systems taxonomy of core, semi-periphery, and periphery states, looks to extend resear",10.1080/23251042.2024.2309407,https://openalex.org/W4391474705
1187,Cohen et al. (2022),excluded: not assessable (full text not retrievable; abstract absent or without the direction of the finding),title only,,,,,,,,,,,[no abstract],10.1016/j.jmacro.2022.103397,https://openalex.org/W4205882102
1241,Dawo & Khalifa (2025),included,abstract,tech_material,method-of-moments quantile regression panel,"15 sub-Saharan African countries, 1970-2022",material footprint (trade-adjusted resource footprint),green innovation; environmental governance; renewable energy transition,"green innovation raises the material footprint, intensifying at higher quantiles; governance and renewable transition also raise it; GDP per capita lowers it",coded from abstract,not stated in abstract,no: green innovation associated with a higher material footprint,no,"abstract: This study examined how green innovation (GIN), environmental governance (EGR), and renewable energy transition (RET) influence trade-adjusted resource footprints (proxied by material footprint, MFP) in the top 15 Sub-Saharan African (SSA) countries from 1970 to 2022. After confirming the cross-sectional dependence and slope heterogeneity in the dataset, second-generation panel econometric techniques, including the cross-sectionally augmented Dickey–Fuller (CADF) unit root test and Kao cointegration test, were employed to establish stationarity and long-run equilibrium relationships. The Metho",10.3390/su17114907,https://openalex.org/W4410774557
1281,Bai & Givens (2021),excluded: full text: waste flows fall outside the listed biophysical indicators,full text,displacement,"cross-national panel (Prais-Winsten, PCSE, two-way fixed effects)","85 countries/regions, 2003-2013 (UN Comtrade HS 3915)",plastic waste imports and exports (value),none,not tested,higher plastic waste import associated with higher GDP per capita in non-high-income countries,nuanced evidence of EUE in plastic-waste trade between high-income and non-high-income countries,n/a,,abstract (p.265): 'The findings provide nuanced evidence of ecologically unequal exchange relationships between high-income countries and non-high-income countries in plastic waste trade',10.5195/jwsr.2021.1026,https://openalex.org/W3136209751
1293,Török (2024),included,full text,tech_material,"EU-27 panel (fixed effects, GDP regressed on RMC) with descriptive Eurostat trends and clustering","27 EU member states, 2014-2023","raw material consumption (RMC, consumption-based)","none: decoupling tested directly (resource productivity, material intensity)",resource productivity improved and material intensity fell; author labels the outcome relative decoupling although EU-27 RMC fell in absolute terms whilst GDP grew,not modelled as a driver (GDP is the dependent variable),"not_tested (RMC is consumption-based, so displacement is internalised)","absolute decline in EU-27 RMC 2014-2023 (consumption-based), described by the author as relative decoupling",supports_consumption_based,"p.10-11, Table 6: 'GDP in the EU significantly increased ... from 11,791 billion euros to 16,999 billion euros. In contrast, raw material consumption (RMC) decreased from 1565 million tons to 1419 million tons'",10.24294/jipd10396,https://openalex.org/W4405809301
1331,Bithas & Kalimeris (2022),included,abstract,tech_material,divergence indicators on long-term datasets,global and national levels,total and per-capita resource use vs material intensity,none: decoupling assessed directly,increasing divergence between total and per-capita resource use and material intensity: intensity falls whilst use grows,coded from abstract,not stated in abstract,relative_only,relative_only,"abstract: With the UN indicating that climate objectives are well off track, the dependency of the economy on resources remains a crucial issue demanding holistic consideration. As a key global sustainability issue, the linkage between resource use and economic growth has long been under heated debate. The increasing amount of resources used for economic growth has elevated environmentalists’ concerns over resource scarcity and environmental impacts, suggesting the existence of coupling between resources and the economy. In contrast, the declining Material Intensity (MI)—resources needed to produce one ",10.3390/su14031459,https://openalex.org/W4210425610
1342,Papież et al. (2022),included,abstract,tech_material,mixed-effects models on trend components,"over 130 countries, 1992-2019, HDI and income groups",fossil-fuel use measured as DMC and as material footprint,"renewable share, urbanisation, industrialisation, trade openness as determinants",stronger decoupling for DMC (elasticity 0.42) than for the material footprint (0.72); degree more homogeneous across groups under MF,coded from abstract,not stated in abstract,relative_only; weaker on a consumption basis,relative_only,"abstract: This study offers an in-depth analysis of decoupling economic growth from fossil fuel use in over 130 countries between 1992 and 2019. It also examines four potential fossil fuel use determinants: urbanisation, industrialisation, trade openness, and the share of renewable energy sources. To examine the analysed relationship, the mixed effect models are applied for the trend components of the series. Fossil fuel use is represented by two measures: domestic material consumption and material footprint. Countries are either clustered into four groups of human development tiers measured by the HDI ",10.1016/j.jclepro.2022.134856,https://openalex.org/W4308152359
1365,Xu et al. (2024),included,abstract,tech_material,coupling-decoupling framework,151 countries,CO2 emissions and material footprints vs human development,none: decoupling assessed directly,temporary decoupling prevalent and recoupling significant; net energy exporters with high HDI decouple CO2 more; low-HDI importers show coupling in material footprints,coded from abstract,not stated in abstract,mixed: temporary decoupling and recoupling,mixed,"abstract: • Comprehensive evaluation on the nexuses between CO 2 emissions, material footprints and human development. • The coupling and decoupling framework makes the dynamic evolution nexuses clearer. • The global trend of temporary decoupling is more prevalent and the trend of recoupling is significant. • Net energy exporting countries with high HDI have advantages to achieve decoupling of CO 2 emissions. • Net energy importing countries with low HDI shows a significant coupling trend in material footprints. In order to achieve the Sustainable Development Goals, it is necessary to actively promote a",10.1016/j.ecolind.2024.112229,https://openalex.org/W4399698505
1403,Hou et al. (2024),excluded: not assessable (full text not retrievable; abstract absent or without the direction of the finding),title only,,,,,,,,,,,[no abstract],10.1016/j.worlddev.2023.106423,https://openalex.org/W4387443332
1418,Kerr (2014),included,full text,tech_material,two-country comparative IPAT/Kaya decomposition with OECD-30 benchmarking,"Canada and Sweden, 1990-2009; technology components ranked across 30 OECD countries (2009)",CO2 emissions (energy-related),"Kaya technology components: fossil-fuel dependency, carbon intensity, conversion effect, energy intensity",Sweden partially decoupled growth from CO2 by moving away from fossil fuels; Canada remained carbon-intensive (29th of 30 OECD on energy intensity),GDP per capita rose in both; counterfactual exercises on population and affluence growth,not tested (production-based),"mixed: partial decoupling in Sweden via fuel switching, none in Canada",mixed,"p.131: 'Sweden and a few other OECD countries have managed to remain relatively prosperous while at least partially decoupling economic growth from CO2 emissions. On the other hand, Canada's economy remains particularly carbon intensive'",10.25336/p6w905,https://openalex.org/W1626762580
1446,Asada et al. (2020),included,full text,tech_material,MRIO-based RMC estimation (WIOD and Eora) with panel fixed-effects drivers model and SSP projections to 2050,37 middle- and high-income countries (partial sample 29); projections to 2050 under five SSPs,"biomass and fossil raw material consumption (RMC, consumption-based), per capita",none: drivers model (GDP elasticity of RMC assessed directly); domestic material consumption shares as structural drivers,not tested; authors call for technological bio-based innovation to reconfigure RMC drivers,"GDP positively related to fossil and biomass RMC in all models, fossil elasticity higher than biomass; projections show per-capita fossil RMC growth in most countries and scenarios",consumption-based indicator (RMC) internalises trade,no (GDP drives consumption-based fossil RMC; no absolute decline projected),no,"Section 3.1: 'GDP is positively related to RMC throughout all models in the present sample. The elasticity of fossil RMC is higher than that of biomass RCM'; abstract: 'if GDP continues to drive fossil RMC at its current magnitude, upcoming conditions are likely to ... increase, instead of decrease, fossil RMC'",10.1111/jiec.12988,https://openalex.org/W3006206289
1474,Infante-Amate et al. (2024),included,abstract,tech_material,long-run decoupling analysis by world region,world regions since 1870,GHG emissions vs augmented human development and GDP,none: decoupling assessed directly,"growth-impact decoupling more common in higher-income countries; not new, not exclusively Western and reversible; no world region reached a safe and just operating space",coded from abstract,not stated in abstract,mixed: reversible decoupling episodes,mixed,"abstract: • We examine decoupling between augmented human development index and greenhouse gas emissions since 1870. • Wellbeing-growth decoupling is more common in low-income countries, while growth-impact decoupling is more common in higher income countries. • Growth-impact decoupling, i.e., ‘green growth’, is not new nor exclusively Western, and has proved reversible. • No world region has reached a ‘safe and just operating space’ at any point in the last 150 years. Since the Industrial Revolution, modern economic growth has made the world increasingly (if unevenly) rich. This trajectory led to unpre",10.1016/j.worlddev.2024.106754,https://openalex.org/W4401604802
1516,Meyer et al. (2018),included,abstract,tech_material,global dynamic MRIO simulation (GINFORS),"global, world regions",raw material use and CO2 vs GDP,raw-material efficiency improvement scenarios with climate mitigation,absolute decoupling of resource use and CO2 from GDP possible at global level only with radical material-efficiency progress combined with extensive mitigation,coded from abstract,not stated in abstract,conditional_model_based,conditional_model_based,"abstract: Addressing climate change and natural resource depletion has been key to the international and national sustainability agenda for almost 30 years. Despite existing efforts, global CO2 emissions and raw material use levels continue to grow. This seems to suggest the need for more systemic approaches in environmental policy. Our paper contributes modelling results to assess the potential of efficiency improvements to achieve absolute decoupling of global raw material use and environmental impacts from economic growth. We apply the global, dynamic MRIO model GINFORS to simulate potential effects ",10.3390/su10061858,https://openalex.org/W2805449072
1542,Yang et al. (2024),excluded: not assessable (full text not retrievable; abstract absent or without the direction of the finding),title only,,,,,,,,,,,[no abstract],10.1016/j.ecolecon.2023.108092,https://openalex.org/W4390289385
1603,Ko & Lee (2022),included,abstract,tech_material,two-way fixed effects panel with coarsened exact matching,"29 European countries, 1996-2014",emission intensity (GHG per GDP) and GHG emissions,"carbon pricing instruments (emission trading, carbon tax) rather than technology",emission trading associated with lower emission intensity and lower GHG (strong decoupling); no support for carbon taxes,coded from abstract,not stated in abstract,mixed: policy-driven decoupling under emission trading,mixed,"abstract: Abstract This study explores why the levels of decoupling between greenhouse gas (GHG) emissions and economic growth vary across time and countries by examining to which extent carbon pricing instruments are driving this decoupling. We expect that the implementation of carbon pricing instruments facilitates decoupling, as they are designed to achieve cost‐efficient GHG reduction. We analyze a panel data of 29 European countries between 1996 and 2014 to examine the relationships between two carbon pricing instruments (emission trading (ETS) and carbon tax) and emission intensity (GHG emissions ",10.1111/ropr.12458,https://openalex.org/W3211126049
1682,Baigorri et al. (2025),included,full text,tech_material,country-by-country regressions with Bai-Perron structural breaks (20 OECD countries),"20 OECD countries, 1990-2019",ecological footprint per capita (gha),renewable energy share of total energy consumption (alternative-energy indicator),negative semi-elasticity of renewable energy on EF in the initial phase; weaker after the Great Recession,initial phase of relative decoupling between GDP growth and EF (beta < 1) in most countries; patterns less evident after 2008,not tested,"mixed: relative decoupling and renewable effect in an initial phase, fading after the Great Recession",mixed,"abstract: 'Our analysis identified an initial phase of decoupling between economic growth and ecological footprint, which is accompanied by a negative estimation of the semi-elasticity between renewable energy and ecological footprint. Nevertheless, these patterns are becoming less evident after the Great Recession'",10.1016/j.indic.2024.100556,https://openalex.org/W4405309954
1886,Vázquez et al. (2023),excluded: not assessable (full text not retrievable; abstract absent or without the direction of the finding),title only,,,,,,,,,,,[no abstract],10.1016/j.spc.2023.11.001,https://openalex.org/W4388420060
1993,Sofuoğlu & Kirikkaleli (2023),excluded: full text: no explicit technology indicator and decoupling not assessed (material footprint used as a predictor of CO2),full text,tech_material,second-generation panel cointegration and long-run estimators,EURO-26 countries,CO2 emissions,none (material footprint enters as a regressor),not tested,"growth-CO2 relationship positive but statistically insignificant; MF increases CO2 overall, negative in developed and positive in developing members",not tested,n/a,,"abstract: 'MF increases the CO2 emissions. However, the positive relationship between economic growth and CO2 emissions is statistically insignificant'",10.1007/s11356-022-24078-2,https://openalex.org/W4309048196
2130,Liang et al. (2023),included,abstract,tech_material,"MRIO decoupling analysis from production, consumption and income perspectives","17 regions, 1995-2019",GHG emissions vs value added,none: decoupling assessed directly across accounting perspectives,"decoupling status differs across perspectives (e.g. Malta strong decoupling from production, expansive negative decoupling from consumption); most international pairs not strongly decoupled",coded from abstract,not stated in abstract,"mixed: perspective-dependent, weaker on a consumption basis",mixed,"abstract: Decoupling global economic growth from carbon emissions is essential for mitigating global climate change while maintaining continuous economic growth. Traditional production-side decoupling analysis alone is insufficient to capture the decoupling status between carbon emissions and the value added throughout global supply chains. This study investigates the decoupling status between value added and greenhouse gas (GHG) emissions during 1995-2019 from consumption and income perspectives. We find that the decoupling statuses of 17 regions (especially Russia, Australia, and Malta) show significa",10.1021/acs.est.3c06715,https://openalex.org/W4388411208
2444,Akyol Özcan (2024),excluded: not assessable (full text not retrievable; abstract absent or without the direction of the finding),title and abstract,,,,,,,,,,,"Through the examination of the ecological consequences of human actions, policymakers are able to distinguish certain areas in which resource use can be increased and the generation of waste diminished. This study examines the effects of foreign direct investment, gross domestic product, industrialization, renewable energy consumption, and urban population on the ecological footprints in 131 count",10.3390/systems12020059,https://openalex.org/W4391746422
2992,Llorente-González (2024),excluded: full text: secondary-material and waste flows fall outside the listed biophysical indicators,full text,displacement,"descriptive physical trade balance and terms-of-trade analysis (Eurostat Comext), single year","EU-27 trade in recyclable raw materials with the rest of the world and intra-EU, 2021","tonnes and euros per tonne of recyclable raw materials (waste, scrap, by-products)",none,not tested,not modelled,"EU-27 net importer of organic by-products (half of 32 Mt from South America) and net exporter of ferrous scrap, paper, plastic and textile waste; pattern read as consistent with EUE",n/a,,"Section 6 (p.18): 'RRM flows between the EU27 and the rest of the world entail both economic and ecological imbalances, which are in line with those predicted by the theory of ecologically unequal exchange'",10.15304/rge.33.2.9419,https://openalex.org/W4393040206
