openalex_id,rank,total_score,rules,has_abstract,title
https://openalex.org/W4313523860,152,0.3996,R1,True,Exploring the moderating role of financial development in environmental Kuznets curve for South Africa: fresh evidence from the novel dynamic ARDL simulations approach
https://openalex.org/W2889358587,154,0.3991,R1,True,"Digitising psychiatry? Sociotechnical expectations, performative nominalism and biomedical virtue in (digital) psychiatric praxis"
https://openalex.org/W4294549672,155,0.399,R1;R2,True,Digitalization and the Anthropocene
https://openalex.org/W2763307013,156,0.3988,R1,True,Ideology Critique for the Environmental Social Sciences: What Reproduces the Treadmill of Production?
https://openalex.org/W2046455035,157,0.3984,R1,True,Designing consumer engagement with the smart grids of the future: bringing active demand technology to everyday life
https://openalex.org/W3181465716,158,0.3983,R1;R2,True,Material footprints of Chinese megacities
https://openalex.org/W3093182151,159,0.3979,R1,True,"Dynamic Changes, Spatiotemporal Differences and Factors Influencing the Urban Eco-Efficiency in the Lower Reaches of the Yellow River"
https://openalex.org/W2157725072,160,0.3977,R1,True,Exploring the Role of Dedicated Online Biotechnology News Providers in the Innovation Economy
https://openalex.org/W2133022495,161,0.3973,R2,True,Unpacking International Power and the Ecological Footprints of Nations: A Quantitative Cross-National Study
https://openalex.org/W4385665629,162,0.3952,R1,True,"The Driving Factors of Italy’s CO2 Emissions Based on the STIRPAT Model: ARDL, FMOLS, DOLS, and CCR Approaches"
https://openalex.org/W4285082249,166,0.3938,R1,True,The role of emotions in the consumer meaning-making of interactions with social robots
https://openalex.org/W2271129245,167,0.3937,R2,True,"A Tale of Contrasting Trends: Three Measures of the Ecological Footprint in China, India, Japan, and the United States, 1961-2003"
https://openalex.org/W2101589578,170,0.3917,R1,True,The Pharmaceutical Commons
https://openalex.org/W2792425554,171,0.3915,R4,True,"Ecologically unequal exchange and the carbon intensity of well-being, 1990–2011"
https://openalex.org/W2023767506,172,0.3912,R1,True,Future Scenarios and Environmental Education
https://openalex.org/W4390414619,173,0.3911,R1;R2,True,Revolutionizing the circular economy through new technologies: A new era of sustainable progress
https://openalex.org/W2012086721,174,0.3907,R2,True,Weber and the Environment: Classical Foundations for a Postexemptionalist Sociology
https://openalex.org/W4221012522,175,0.3907,R1,True,"The Impact of Green Investment, Technological Innovation, and Globalization on CO2 Emissions: Evidence From MINT Countries"
https://openalex.org/W4288067255,176,0.3906,R1,True,"The Environmental Effects of Urbanization, Education, and Green Innovation in the Union for Mediterranean Countries: Evidence from Quantile Regression Model"
https://openalex.org/W2980724302,180,0.39,R1;R4,True,The World-System and the Earth System
https://openalex.org/W2785949837,181,0.3893,R1,True,Governing anticipatory technology practices. Forensic DNA phenotyping and the forensic genetics community in Europe
https://openalex.org/W1914034541,183,0.3884,R1;R4,True,"Constructing the Rights of Nature: Constitutional Reform, Mobilization, and Environmental Protection in Ecuador"
https://openalex.org/W3111205846,185,0.3882,R1;R2,True,Resource efficiency in industrialized housing construction – A systematic review of current performance and future opportunities
https://openalex.org/W4313827617,186,0.3877,R1,True,"The impact of renewable energy transition, green growth, green trade and green innovation on environmental quality: Evidence from top 10 green future countries"
https://openalex.org/W4205853532,187,0.3875,R1,True,Responsibility through Anticipation? The ‘Future Talk’ and the Quest for Plausibility in the Governance of Emerging Technologies
https://openalex.org/W2085946777,191,0.3867,R1,True,The Insuperable Imperative: A Critique of the Ecologically Modernizing State
https://openalex.org/W2048293151,192,0.3865,R4,True,The Transnational Organization of Production and Uneven Environmental Degradation and Change in the World Economy
https://openalex.org/W4226293336,194,0.3862,R1,True,Young people’s technological images of the future: implications for science and technology education
https://openalex.org/W4385009166,195,0.3859,R1;R2,True,The limits to degrowth: Economic and climatic consequences of pessimist assumptions on decoupling
https://openalex.org/W2618067250,197,0.3855,R4,True,"The sociology of ecologically unequal exchange, foreign investment dependence and environmental load displacement: summary of the literature and implications for sustainability"
https://openalex.org/W3128164993,198,0.3854,R1;R2,True,Circular Bioeconomy Business Models to Overcome the Valley of Death. A Systematic Statistical Analysis of Studies and Projects in Emerging Bio-Based Technologies and Trends Linked to the SME Instrument Support
https://openalex.org/W4386168392,199,0.3854,R1,True,The Interplay of Green Technology and Energy Consumption: A Study of China’s Carbon Neutrality and Sustainable Digital Economy
https://openalex.org/W4387496850,200,0.3845,R1;R2,True,Tourism Degrowth: Painful but Necessary
https://openalex.org/W4379469882,203,0.3831,R4,True,Compensation for atmospheric appropriation
https://openalex.org/W2544293211,204,0.3829,R1;R4,True,Disaster vulnerability in anthropological perspective
https://openalex.org/W2169701480,205,0.3822,R1,True,Ecologizing industrialization in Chinese small towns
https://openalex.org/W2149891385,207,0.382,R1;R2,True,Challenges and Opportunities in Transforming a City into a “Zero Waste City”
https://openalex.org/W2945557658,209,0.3819,R1;R4,True,"Environmental Homogenization or Heterogenization? The Effects of Globalization on Carbon Dioxide Emissions, 1970–2014"
https://openalex.org/W1915344498,210,0.3818,R1,True,Promoting Eco-innovations to Leverage Sustainable Development of Eco-industry and Green Growth
https://openalex.org/W2903208610,214,0.3813,R1,True,Conceptualizing the Digital Sharing Economy in the Context of Sustainability
https://openalex.org/W3206156824,215,0.3813,R1;R2,True,Exploring the Dependence and Influencing Factors of Carbon Emissions from the Perspective of Population Development
https://openalex.org/W2915859673,221,0.3797,R1;R4,True,Negotiating Water and Technology—Competing Expectations and Confronting Knowledges in the Case of the Coca Codo Sinclair in Ecuador
https://openalex.org/W3111644277,224,0.3778,R1,True,Green New Deal Policy of South Korea: Policy Innovation for a Sustainability Transition
https://openalex.org/W4284992343,233,0.376,R4,True,Existing climate mitigation scenarios perpetuate colonial inequalities
https://openalex.org/W2789870312,235,0.3755,R1,True,Geoeconomic Uses of Global Warming: The “Green” Technological Revolution and the Role of the Semi-Periphery
https://openalex.org/W4388537935,242,0.3739,R1;R2,True,Study on the driving factors and decoupling effect of carbon emission from pig farming in China—based on LMDI and Tapio model
https://openalex.org/W3080413620,244,0.3737,R2,True,"Environmental performance, biocapacity, carbon &amp; ecological footprint of nations: Drivers, trends and mitigation options"
https://openalex.org/W3216069328,245,0.373,R1,True,"6G Vision, Value, Use Cases and Technologies From European 6G Flagship Project Hexa-X"
https://openalex.org/W4200083698,249,0.3718,R3,False,Implementing the material footprint to measure progress towards Sustainable Development Goals 8 and 12
https://openalex.org/W2515063842,250,0.3716,R1;R2,True,Integrated resource efficiency: measurement and management
https://openalex.org/W2745249395,252,0.3707,R4,True,Chocolate and The Consumption of Forests: A Cross-National Examination of Ecologically Unequal Exchange in Cocoa Exports
https://openalex.org/W2809788748,256,0.3695,R3,False,Whether China's industrial sectors make efforts to reduce CO2 emissions from production? - A decomposed decoupling analysis
https://openalex.org/W2904854333,258,0.3689,R3,False,Decoupling economic growth from GHG emissions: Decomposition analysis by sectoral factors for Australia
https://openalex.org/W4387771968,264,0.3674,R1,True,"Post-Growth, Degrowth, the Doughnut, and Circular Economy: A Short Guide for Policymakers"
https://openalex.org/W2993496297,265,0.3672,R1,True,The Treadmill of Information
https://openalex.org/W4211085733,269,0.3664,R1,True,Anticipating Degrowth
https://openalex.org/W3130316293,270,0.3661,R1,True,Sociotechnical Imaginaries of EU Defence: The Past and the Future in the European Defence Fund
https://openalex.org/W4220995210,279,0.3641,R1,True,Directed Technical Change and Pollution Emission: Evidence From Fossil and Renewable Energy Technologies in China
https://openalex.org/W4225406390,281,0.3637,R1,True,Driving factors of e-waste recycling rate in 30 European countries: new evidence using a panel quantile regression of the EKC hypothesis coupled with the STIRPAT model
https://openalex.org/W3213160484,283,0.3634,R2,True,Prospects for a saturation of humanity’s resource use? An analysis of material stocks and flows in nine world regions from 1900 to 2035
https://openalex.org/W2133907326,284,0.3631,R2,True,Development and Dematerialization: An International Study
https://openalex.org/W2962216381,285,0.363,R1,True,Work and Social-Ecological Transitions: A Critical Review of Five Contrasting Approaches
https://openalex.org/W4229069547,286,0.3629,R1,True,"Renewable Energy, Urbanization, and CO2 Emissions: A Global Test"
https://openalex.org/W2338357461,287,0.3626,R1;R2,True,A Systemic and Systematic Approach to the Development of a Policy Mix for Material Resource Efficiency
https://openalex.org/W4211235122,288,0.3626,R4,True,"Nature, society, and justice in the anthropocene unravelling the money-energy-technology complex"
https://openalex.org/W2970906782,290,0.362,R1,True,Waiting for a deus ex machina: ‘Sustainable extractives’ in a 2°C world
https://openalex.org/W2069332984,296,0.3609,R4,True,"Political-Economic Integration, Industrial Pollution and Human Health"
https://openalex.org/W2006081504,299,0.3608,R4,True,The Unequal Exchange of Time and Space: Toward a Non-Normative Ecological Theory of Exploitation
https://openalex.org/W2594514630,301,0.3605,R1,True,Environmental reform of West and Central Africa ports: the influence of colonial legacies
https://openalex.org/W4382723195,302,0.3599,R1;R2,True,Material demand and material efficiency for sustainable development in the European Union countries: A stochastic frontier analysis
https://openalex.org/W1978964746,303,0.3598,R1,True,Climate governance in the post-industrial city: the urban side of ecological modernisation
https://openalex.org/W2075997322,304,0.359,R4,True,"Climate Change, Social Theory and Justice"
https://openalex.org/W4310387338,305,0.359,R1,True,"Social Innovation, Circularity and Energy Transition for Environmental, Social and Governance (ESG) Practices—A Comprehensive Review"
https://openalex.org/W2793563491,308,0.3585,R1,True,"STIRPAT-Based Driving Factor Decomposition Analysis of Agricultural Carbon Emissions in Hebei, China"
https://openalex.org/W3213590424,309,0.3584,R1;R2,True,Digital Transformation for Sustainable Future - Agriculture 4.0 : A review
https://openalex.org/W2743178718,311,0.3577,R4,True,Splintering South: Ecologically Unequal Exchange Theory in a Fragmented Global Climate
https://openalex.org/W1967944648,318,0.3562,R2,True,Decoupling Economic Growth and Environmental Degradation: Reviewing Progress to Date in the Small Island State of Malta
https://openalex.org/W2087353257,322,0.3554,R1,True,Involving citizens in sustainable development: evidence of new forms of participation in the Danish Agenda 21 schemes
https://openalex.org/W4403910911,324,0.3552,R1;R4,True,A globally just and inclusive transition? Questioning policy representations of the European Green Deal
https://openalex.org/W3112140862,329,0.3547,R2,True,A framework of indicators for associating material stocks and flows to service provisioning: Application for Japan 1990–2015
https://openalex.org/W2889341262,330,0.3543,R1,True,Paradigms and paradoxes: the futures of growth and degrowth
https://openalex.org/W2086977164,331,0.3542,R4,True,Drivers of national climate policy
https://openalex.org/W4386859866,334,0.3536,R1,True,The induction effect: why the rebound effect is only half the story of technology's failure to achieve sustainability
https://openalex.org/W216344673,341,0.3523,R1;R4,True,"Environmental Justice, Human Rights, and the Global South"
https://openalex.org/W3127913593,344,0.3514,R1,True,Assessing the Green Growth Trajectory throughResource and Impact Decoupling Indices:The Case of Poland
https://openalex.org/W2527176584,347,0.3509,R1,True,Conceptual lenses to bring into focus the blurred and unpack the entangled
https://openalex.org/W4381548479,348,0.3508,R1;R2,True,Heterogenous influence of productive capacities pillars and natural resources on ecological sustainability in developing Belt and Road host countries
https://openalex.org/W2801506382,349,0.3507,R2,True,Can Reducing Income Inequality Decouple Economic Growth from CO<sub>2</sub> Emissions?
https://openalex.org/W2006713007,352,0.35,R2,True,Possible Target Corridor for Sustainable Use of Global Material Resources
https://openalex.org/W3207523174,353,0.3498,R1;R4,True,A Post-Capitalocentric Critique of Digital Technology and Environmental Harm: New Directions at the Intersection of Digital and Green Criminology
https://openalex.org/W4413636514,354,0.3496,R1,True,"Environmental Sustainability in Technologically Advanced Economies: The Role of Eco-Digitalization, Green Finance, and Green Technology"
https://openalex.org/W4386220198,356,0.3493,R1,True,"The Impact of Fossil Fuels, Renewable Energy, and Nuclear Energy on South Korea’s Environment Based on the STIRPAT Model: ARDL, FMOLS, and CCR Approaches"
https://openalex.org/W3009243847,358,0.3488,R2,True,"Gender inequality, reproductive justice, and decoupling economic growth and emissions: a panel analysis of the moderating association of gender equality on the relationship between economic growth and CO2 emissions"
https://openalex.org/W4382775939,362,0.3481,R1,True,"The influence of renewable and non-renewable energy on carbon emissions in Pakistan: evidence from stochastic impacts by regression on population, affluence, and technology model"
https://openalex.org/W3026374557,367,0.3472,R1,True,Carbon Dioxide Emissions and Their Driving Forces of Land Use Change Based on Economic Contributive Coefficient (ECC) and Ecological Support Coefficient (ESC) in the Lower Yellow River Region (1995–2018)
https://openalex.org/W4376958430,368,0.3472,R1;R2,True,Are Energy Reductions Compatible with Economic Growth?
https://openalex.org/W3010013823,380,0.3448,R4,False,"Ecological macroeconomics in the open economy: Sustainability, unequal exchange and policy coordination in a center-periphery model"
https://openalex.org/W2897462783,381,0.3446,R4,True,"Nature, Society, and Justice in the Anthropocene: Unraveling the Money-Energy-Technology Complex"
https://openalex.org/W2945925773,386,0.344,R1,True,Smart gridlock? Challenging hegemonic framings of mitigation solutions and scalability
https://openalex.org/W4322217134,387,0.3437,R1;R3,False,Decoupling relationship between carbon emissions and economic development and prediction of carbon emissions in Henan Province: based on Tapio method and STIRPAT model
https://openalex.org/W4386990770,389,0.3432,R1;R4,True,Unpacking the black box of ‘energy technology’: How abstraction and resource fungibility obscure ecologically unequal exchange
https://openalex.org/W2752221423,393,0.3427,R1,True,Analysis of Influencing Factors of Ground-Source Heat Pump Applications in China Using Partial Least Squares Regression
https://openalex.org/W4392832044,394,0.3427,R1;R2,True,Are smart tourism destinations developing sustainably?
https://openalex.org/W4393206506,395,0.3427,R1;R2;R4,True,To enjoy “less” more: Chastened humanism and degrowth
https://openalex.org/W2965960474,398,0.3425,R1,True,The 3As: Tracking Resilience Across BRACED
https://openalex.org/W2137540105,402,0.3413,R4,True,North—South Relations and the Ecological Debt: Asserting a Counter-Hegemonic Discourse
https://openalex.org/W2523304678,403,0.341,R1;R2;R4,True,Foreign Investment in African Resources: The Ecological Aspect to Imperialism and Unequal Exchange
https://openalex.org/W4390985384,404,0.3409,R1,True,Australia's circular economy metrics and indicators
https://openalex.org/W4393227851,409,0.3402,R1,True,Nexus between technological innovation and environmental pollution in selected <scp>OECD</scp> countries
https://openalex.org/W2007981205,414,0.3388,R1,True,Tempering growth: planning for the challenges of climate change and growth management in SEQ
https://openalex.org/W147127987,424,0.3368,R4,True,"Breaking Ships in the World-System: An Analysis of Two Ship Breaking Capitals, Alang-Sosiya, India and Chittagong, Bangladesh"
https://openalex.org/W4386699897,439,0.3342,R1,True,"Green growth as a determinant of ecological footprint: Do ICT diffusion, environmental innovation, and natural resources matter?"
https://openalex.org/W4312808064,442,0.3338,R1;R2,True,Economics of digital decoupling: a pluralistic analysis
https://openalex.org/W4410235035,443,0.3338,R1;R2,True,Investigating the Influence of Renewable Energy Use and Innovative Investments in the Transportation Sector on Environmental Sustainability—A Nonlinear Assessment
https://openalex.org/W2562324168,449,0.3328,R4,True,"Linking ecological debt and ecologically unequal exchange: stocks, flows, and unequal sink appropriation"
https://openalex.org/W4205426769,455,0.3312,R2;R3,False,Different Material Footprint Trends between China and the World in 2007-2012 Explained by Construction- and Manufacturing-associated Investment
https://openalex.org/W3165494894,458,0.3309,R1,True,The impact of economic complexity on embodied carbon emission in trade: new empirical evidence from cross-country panel data
https://openalex.org/W3188335903,459,0.3309,R1,True,Co-creation Pathways to Inform Shared Governance of Urban Living Labs in Practice: Lessons From Three European Projects
https://openalex.org/W4389669213,460,0.3309,R1;R2,True,Circular economy as crisis response: A primer
https://openalex.org/W3185407092,464,0.3304,R1,True,Examining the antecedents and consequences of sustainable green supply chain management from the perspective of ecological modernization: evidence from Taiwan’s high-tech sector
https://openalex.org/W2559805026,466,0.3301,R4,True,The Political Economy of the Water Footprint: A Cross-National Analysis of Ecologically Unequal Exchange
https://openalex.org/W2990126043,471,0.329,R1,True,"Ecological Security Assessment Based on Ecological Footprint Approach in Hulunbeir Grassland, China"
https://openalex.org/W4390751343,473,0.3286,R1,True,Future Projections of Global Plastic Pollution: Scenario Analyses and Policy Implications
https://openalex.org/W3000782533,480,0.3275,R1;R2,True,(De)coupling Analysis with Focus on EnergyConsumption in EU Countries and Its SpatialEvaluation
https://openalex.org/W4382173829,491,0.3266,R1,True,Agents of (un)sustainability: democratising universities for the planetary crisis
https://openalex.org/W4223908209,494,0.3262,R1;R4,True,Radical social innovations and the spatialities of grassroots activism: navigating pathways for tackling inequality and reinventing the commons
https://openalex.org/W2991527452,496,0.3259,R1,True,Factors Controlling Urban and Rural Indirect Carbon Dioxide Emissions in Household Consumption: A Case Study in Beijing
https://openalex.org/W2620413123,497,0.3258,R4,True,"South America's biophysical involvement in international trade: the physical trade balances of Argentina, Bolivia, and Brazil in the light of ecologically unequal exchange"
https://openalex.org/W4390236533,512,0.324,R1;R2,True,"New insight into decoupling carbon emissions from economic growth: Do financialization, human capital, and energy security risk matter?"
https://openalex.org/W4399789780,513,0.324,R1,True,Digital capabilities and market competitiveness: the two-fold mediation of internal and external drivers
https://openalex.org/W2921440405,514,0.3237,R4,True,Towards a green modernization development discourse: the new green revolution in Africa
https://openalex.org/W4361010166,515,0.3237,R4,True,Urbanizing degrowth: Five steps towards a Radical Spatial Degrowth Agenda for planning in the face of climate emergency
https://openalex.org/W4368240764,527,0.3215,R1;R2;R4,True,Technological efficiency limitations to climate mitigation: why sufficiency is necessary
https://openalex.org/W4282549828,534,0.3199,R1,True,Smart Cities from the Perspective of Systems
https://openalex.org/W2055574165,535,0.3198,R1;R2,True,Living within the safe operating space: a vision for a resource efficient Europe
https://openalex.org/W2944032611,537,0.3198,R1,True,Concretizing Green Growth and Sustainable Business Models in the Water Sector of Jordan
https://openalex.org/W4385639663,540,0.3196,R4,True,Whose growth in whose planetary boundaries? Decolonising planetary justice in the Anthropocene
https://openalex.org/W4408158945,543,0.3189,R1,True,Venturing green: the impact of sustainable business model innovation on corporate environmental performance in social enterprises
https://openalex.org/W3097453793,544,0.3187,R3,False,Resource use and economic development: an exergy perspective on energy and material flows and stocks from 1900 to 2010
https://openalex.org/W2886462286,547,0.3186,R1,True,Anticipating Constraints on Upscaling from Urban Innovation Experiments
https://openalex.org/W4405696544,548,0.3186,R1;R2,True,Microalgal Bioeconomy: A Green Economy Approach Towards Achieving Sustainable Development Goals
https://openalex.org/W2284635478,549,0.3184,R1,True,A tale of three transitions: a year in the life of electricity system transformation narratives in the Irish media
https://openalex.org/W4401695001,552,0.3179,R1;R2,True,Decoupling Economic Growth from Carbon Emissions: A Transition toward Low-Carbon Energy Systems—A Critical Review
https://openalex.org/W4300961869,555,0.3173,R1;R2,True,Meeting the European green deal objective of expanding organic farming
https://openalex.org/W4391172763,556,0.3173,R1;R2,True,ADVANCED MATERIALS FOR SUSTAINABLE CONSTRUCTION: A REVIEW OF INNOVATIONS AND ENVIRONMENTAL BENEFITS
https://openalex.org/W2066232092,559,0.3171,R2,True,"Capitalism, State Economic Policy and Ecological Footprint: An International Comparative Analysis"
https://openalex.org/W2398108414,560,0.317,R1;R2,True,"Policies for a More Dematerialized EU Economy. Theoretical Underpinnings, Political Context and Expected Feasibility"
https://openalex.org/W3200900558,564,0.3165,R3,False,Decoupling without outsourcing? How China’s consumption-based CO2 emissions have plateaued
https://openalex.org/W2152471389,566,0.3163,R2,True,Decoupling: a step toward sustainable development with reference to OECD countries
https://openalex.org/W3004644317,568,0.3161,R2,True,Introduction to the special issue on the contested realities of the circular economy
https://openalex.org/W4392562141,571,0.3159,R1,True,Investigating the Impact of Multiple Factors on CO2 Emissions: Insights from Quantile Analysis
https://openalex.org/W2605728354,584,0.3139,R2,True,How unequal is international trade? An ecological perspective using Material Flow Accounting (MFA)
https://openalex.org/W3195263054,586,0.3139,R1;R2,True,Toward Low-Carbon European Union Society: Young Poles’ Perception of Climate Neutrality
https://openalex.org/W4229773784,587,0.3139,R4,False,Splintering South: Ecologically Unequal Exchange Theory in a Fragmented Global Climate
https://openalex.org/W4285093646,588,0.3139,R1,True,Catalyzing industrial decarbonization: the promissory legitimacy of fossil-free Sweden
https://openalex.org/W4313170655,589,0.3139,R1;R4,True,"Growth in the ecological transition: green, zero or de-growth?"
https://openalex.org/W4386645005,590,0.3139,R1;R2,True,An Integrated Approach to Analyze the Progress of Developing Economies in Asia toward the Sustainable Development Goals
https://openalex.org/W3013947548,595,0.3129,R4,True,Deforestation in the Global South: Assessing Uneven Environmental Improvements 1993–2013
https://openalex.org/W2007271211,597,0.3123,R1;R2,True,Identifying Key Sectors and Measures for a Transition towards a Low Resource Economy
https://openalex.org/W4200342938,602,0.3113,R2,True,From resource extraction to manufacturing and construction: flows of stock-building materials in 177 countries from 1900 to 2016
https://openalex.org/W4200506494,603,0.3112,R1,True,Development and Assessment of a Brazilian Pilot Massive Open Online Course in Planetary Health Education: An Innovative Model for Primary Care Professionals and Community Training
https://openalex.org/W4225319067,604,0.3112,R1,True,Additive economy and new horizons of innovative business development
https://openalex.org/W4226163606,605,0.3112,R1,True,Non-human Personas. Including Nature in the Participatory Design of Smart Cities
https://openalex.org/W4295677951,615,0.3102,R2;R3,False,Does the European Union energy policy support progress in decoupling economic growth from emissions?
https://openalex.org/W3203648583,622,0.3097,R3,False,Decoupling trends of emissions across EU regions and the role of environmental policies
https://openalex.org/W4387226912,626,0.3091,R3,False,Inconsistent definitions of GDP: Implications for estimates of decoupling
https://openalex.org/W4224996045,629,0.3086,R1,True,Emerging Trends and Knowledge Structures of Smart Urban Governance
https://openalex.org/W2911308729,632,0.3077,R4,True,A study of ecologically unequal exchange for 89 countries between 1990 and 2015
https://openalex.org/W4200108214,635,0.3073,R2,True,A safe and just space for urban mobility: a framework for sector-based sustainable consumption corridor development
https://openalex.org/W4289524781,639,0.3066,R1,True,"Exploration of Spatio-Temporal Characteristics of Carbon Emissions from Energy Consumption and Their Driving Factors: A Case Analysis of the Yangtze River Delta, China"
https://openalex.org/W3129028597,646,0.3058,R1,True,Resocializing digital water transformations: Outlining social science perspectives on the digital water journey
https://openalex.org/W4384202154,647,0.3058,R1,True,Analysis of Carbon Emission Reduction at the Port of Integrated Logistics: The Port of Shanghai Case Study
https://openalex.org/W4321351657,648,0.3056,R4,True,"Is the EU shirking responsibility for its deforestation footprint in tropical countries? Power, material, and epistemic inequalities in the EU’s global environmental governance"
https://openalex.org/W2619655581,655,0.3048,R1;R2,True,Waste Prevention and Technologies in the Context of the EU Waste Framework Directive: Lost in Translation?
https://openalex.org/W3023039829,667,0.3023,R2,True,Energy Related CO2 Emissions before and after the Financial Crisis
https://openalex.org/W4410603634,668,0.3023,R1;R4,True,Ten principles for transforming economics in a time of global crises
https://openalex.org/W2725016372,676,0.3015,R1,True,"Urbanization, energy consumption, and pollutant emission in Asian developing economies: An empirical analysis"
https://openalex.org/W3204870665,677,0.3015,R1,True,Transformation towards Risk-Sensitive Urban Development: A Systematic Review of the Issues and Challenges
https://openalex.org/W4396778022,678,0.3015,R1,True,Renewable energy and sustainable development goals: Insights from <scp>latent dirichlet allocation</scp> thematic and bibliometric analysis
https://openalex.org/W2735853518,686,0.3009,R1,True,Factors Driving Energy-Related Carbon Emissions in Xinjiang: Applying the Extended STIRPAT Model
https://openalex.org/W4383346038,691,0.3004,R1,True,The Impact of Green Finance on Carbon Emissions in China: An Energy Consumption Optimization Perspective
https://openalex.org/W4388833111,692,0.3004,R4,True,Climate Equality: A planet for the 99%
https://openalex.org/W4391943870,694,0.3002,R1,True,SUSTAINABILITY AND INNOVATION IN THE PET INDUSTRY: AN ANALYSIS FROM THE PERSPECTIVE OF ECOLOGICAL MODERNIZATION THEORY
https://openalex.org/W3009939214,700,0.2991,R1,True,"Analysis of CO2 Drivers and Emissions Forecast in a Typical Industry-Oriented County: Changxing County, China"
https://openalex.org/W4393126510,702,0.2991,R1,True,Institutions and carbon emissions: an investigation employing STIRPAT and machine learning methods
https://openalex.org/W2417137410,709,0.298,R2;R3,False,Identifying priority areas for European resource policies: a MRIO-based material footprint assessment
https://openalex.org/W2969937890,715,0.2966,R1;R2,True,Circular and Flexible Indoor Partitioning—A Design Conceptualization of Innovative Materials and Value Chains
https://openalex.org/W1989302845,723,0.2956,R4,True,"The New Global Urban Realm: Complex, Connected, Diffuse, and Diverse Social-Ecological Systems"
https://openalex.org/W3035883307,730,0.2952,R1,True,"Temporal-spatial differences in and influencing factors of agricultural eco-efficiency in Shandong Province, China"
https://openalex.org/W4282979577,731,0.2952,R1;R2,True,TRANSITION TO A SUSTAINABLE ENERGY PRODUCTION AND CONSUMPTION MODEL – MAPPING THE PATTERNS OF SUCCESS
https://openalex.org/W4296483384,732,0.2952,R1,True,Testing non-linear effect of urbanization on environmental degradation: Cross-country evidence
https://openalex.org/W4392388346,733,0.2952,R1,True,Stakeholders’ perceptions of hydrogen and reflections on energy transition governance
https://openalex.org/W4392918108,734,0.2952,R1;R4,True,"Degrowth, global asymmetries, and ecosocial justice: Decolonial perspectives from Latin America"
https://openalex.org/W4378714438,735,0.295,R4,True,"Envisioning environmental equity: climate change, health, and racial justice"
https://openalex.org/W3130481019,736,0.2949,R3,False,Decoupling of economic growth from CO2 emissions in Yangtze River Economic Belt cities
https://openalex.org/W2135697092,743,0.2946,R1,True,"Institutional Framework for Low-Carbon Urban Infrastructure Investment: Some Evidence and Lessons from DKI Jakarta, Indonesia"
https://openalex.org/W3171173869,745,0.2942,R2,True,A corridors and power-oriented perspective on energy-service demand and needs satisfaction
https://openalex.org/W2602396444,749,0.294,R2,True,Assessing sustainable biophysical human–nature connectedness at regional scales
https://openalex.org/W4393993336,750,0.294,R1,True,The circular economy rebound effect: Reconceptualizing rebound approaches and mitigation opportunities from an ordonomic perspective
https://openalex.org/W2888245499,754,0.2938,R1,True,Imagining socioecological transformation: An analysis of the Welsh Government’s policy innovations and orientations to the future
https://openalex.org/W3105397511,755,0.2938,R1,True,"Spatio-Temporal Variations of Crop Water Footprint and Its Influencing Factors in Xinjiang, China during 1988–2017"
https://openalex.org/W3180471171,756,0.2938,R1,True,Statistical Indicators of Cybersecurity Development in the Context of Digital Transformation of Economy and Society
https://openalex.org/W3185189421,757,0.2938,R1;R4,True,Transforming Access to Clean Energy Technologies in the Global South: Learning from Lighting Africa in Kenya
https://openalex.org/W4361299165,758,0.2938,R1;R2,True,Resource productivity and environmental degradation in EU-27 countries: context of material footprint
https://openalex.org/W4386391211,759,0.2938,R1;R4,True,Common Challenges for All? A Critical Engagement with the Emerging Vision for Post‐pandemic Development Studies
https://openalex.org/W4409540095,760,0.2938,R1;R2;R4,True,Ecological Unequal Exchange
https://openalex.org/W4391846548,769,0.2923,R1,True,Assessing the Impacts of Technological Innovation on Carbon Emissions in MENA Countries: Application of the Innovation Curve Theory
https://openalex.org/W2968303690,773,0.2919,R2,True,Overcoming the Myths of Mainstream Economics to Enable a New Wellbeing Economy
https://openalex.org/W3083185741,785,0.2909,R2,True,A two-stage clustering approach to investigate lifestyle carbon footprints in two Australian cities
https://openalex.org/W2969811253,788,0.2905,R4,True,Climate justice and sustained transnational mobilization
https://openalex.org/W3113007429,789,0.2905,R2,True,Decoupling Economic Growth from Fossil Fuel Use—Evidence from 141 Countries in the 25-Year Perspective
https://openalex.org/W2775777764,798,0.2896,R1,True,A Temporal and Spatial Analysis of Anthropogenic Drivers of Environmental Impact For 30 Chinese Provinces Across three Regions Between 1997 and 2009
https://openalex.org/W4292183243,804,0.289,R1,True,Role of green energy technology on ecological footprint in China: Evidence from Beijing-Tianjin-Hebei region
https://openalex.org/W4297998576,805,0.289,R1,True,Designing entrepreneurial networks: development of corporations network potential evaluation method for corporations operating in the Russian Arctic.
https://openalex.org/W4386514784,807,0.2889,R1;R2,True,The influence of technology improvements and the consistency of environmental and economic indicators on decoupling of greenhouse gas emissions and economic growth
https://openalex.org/W4387675565,808,0.2889,R1,True,Guiding visions of corporate smart city innovators: Identifying opportunities for participatory futuring
https://openalex.org/W2969227083,817,0.2877,R1,True,"Happiness, Environment and Wealth: What Can Bhutan Show Us about Resolving the Nexus?"
https://openalex.org/W2971465468,818,0.2877,R1,True,Technological Innovations Tackling Biodiversity Loss: Solutions or Misdirection?
https://openalex.org/W3128150811,820,0.2875,R2,True,Impact of Clean Energy on CO2 Emissions and Economic Growth within the Phases of Renewables Diffusion in Selected European Countries
https://openalex.org/W4220654041,823,0.2873,R1,True,Spatio-Temporal Heterogeneity of Carbon Emissions and Its Key Influencing Factors in the Yellow River Economic Belt of China from 2006 to 2019
https://openalex.org/W2518510133,828,0.2865,R2,True,The Relationship between Agricultural Carbon Emissions and Agricultural Economic Growth and Policy Recommendations of a Low-carbon Agriculture Economy
https://openalex.org/W2756008540,838,0.2854,R1,True,Dynamic Panel Data Analysis of CO2 Emissions Driving Forces
https://openalex.org/W4365514621,839,0.2854,R1;R2,True,Analyzing the Attractiveness of Businesses to Receive Investments for a Creative and Innovative Transition to a Circular Economy: The Case of the Textile and Fashion Industry
https://openalex.org/W4393278854,840,0.2854,R1,True,Using a Circular Economy and Supply Chain as a Framework for Remanufactured Products in the Rubber Recycling Industry
https://openalex.org/W2324027358,852,0.2839,R2,True,The Reaches of Freedom: A Response to <i>An Ecomodernist Manifesto</i>
https://openalex.org/W4380990266,855,0.2834,R1,True,Assessing the Effects of Natural Resource Extraction on Carbon Emissions and Energy Consumption in Sub-Saharan Africa: A STIRPAT Model Approach
https://openalex.org/W4281481120,859,0.283,R4,True,Global asymmetries in the rise of solar power: An LCA-based account of ecologically unequal exchange between Germany and China 2002–2018
https://openalex.org/W2810681608,866,0.2824,R4,False,Ecologically Unequal Exchange and Raw Materialism: The Material Foundations of the Capitalist World-Economy
https://openalex.org/W4372335609,870,0.2822,R2,True,Decomposition Analysis of the Carbon Footprint of Primary Metals
https://openalex.org/W4292295323,871,0.2813,R1,True,Modeling for Insights: Does Fiscal Decentralization Impede Ecological Footprint?
https://openalex.org/W4400648917,872,0.2813,R1;R2,True,Transforming provisioning systems to enable 1.5° lifestyles in Europe? Expert and stakeholder views on overcoming structural barriers
https://openalex.org/W4378216524,874,0.2807,R2,True,Transition to a Sustainable Circular Society: More than Just Resource Efficiency
https://openalex.org/W3174898753,878,0.2805,R2,True,"The Unsustainable State: Greenhouse Gas Emissions, Inequality, and Human Well-Being in the United States, 1913 to 2017"
https://openalex.org/W3110598736,887,0.279,R1;R2,True,Drivers of decoupling economic growth from carbon emission: Empirical analysis of ASEAN countries using decoupling and decomposition model
https://openalex.org/W4390496163,888,0.279,R1;R2,True,Mass-Balance-Consistent Geological Stock Accounting: A New Approach toward Sustainable Management of Mineral Resources
https://openalex.org/W4391437761,892,0.2788,R1,True,"Projecting environmental impacts with varying population, affluence and technology using IPAT – Climate change and land use scenarios"
https://openalex.org/W4392014699,893,0.2788,R1;R2,True,Decoupling Economic Growth from Carbon Emissions: A Transition towards Low Carbon Energy Systems – a Critical Review
https://openalex.org/W4405229672,894,0.2788,R1;R4,True,Beyond the Veil of Market Prices - The Implications of Ecologically Unequal Exchange for Conceptualizations of Technological Development: A Critical Survey
https://openalex.org/W3206873577,896,0.2786,R3,False,"Spatial–temporal variation, decoupling effects and prediction of marine fishery based on modified ecological footprint model: Case study of 11 coastal provinces in China"
https://openalex.org/W4289517391,918,0.2765,R1,True,Drivers of the European Union’s Environmental Performance
https://openalex.org/W4200311768,921,0.2758,R2,True,"Seeing environmental injustices: the mechanics, devices and assumptions of environmental sustainability indices and indicators"
https://openalex.org/W4387899264,934,0.2749,R1;R4,True,The potential of digital convergence and sharing of consumer goods to improve living conditions and reduce emissions
https://openalex.org/W1489802847,940,0.2741,R2,True,Sustainability Through Design Science: Re‐Imagining Option Spaces Beyond Eco‐Efficiency
https://openalex.org/W4224285702,946,0.2739,R1,True,The Impact of Urban‐Rural Income Inequality on Environmental Quality in China
https://openalex.org/W4320496773,947,0.2739,R1;R2,True,Can Industry Counteract the Ecological Crisis? An Approach for the Development of a New Circular Bioeconomic Model Based on Biocomposite Materials
https://openalex.org/W4386326493,948,0.2739,R1,True,Crafting innovation hubs: Future cities and global challenges
https://openalex.org/W4392606265,949,0.2739,R1,True,Suburban climate adaptation governance: assumptions and imaginaries affecting peripheral municipalities
https://openalex.org/W4406613188,950,0.2739,R1,True,Drivers of Green Growth: Roles of Innovation and Fragility
https://openalex.org/W4409506585,951,0.2739,R1;R2,True,"A holistic approach to Sustainable Development Goal 8: Integrating economic growth, employment, and sustainability"
https://openalex.org/W3186024554,962,0.2727,R2,True,The role of socio‐economic material stocks for natural resource use in the United States of America from 1870 to 2100
https://openalex.org/W4210268465,966,0.2725,R2,True,Has China’s Construction Waste Change Been Decoupled from Economic Growth?
https://openalex.org/W3037550216,984,0.2709,R4,True,"China, Mining, and Forests: A Cross-National Test of Ecologically Unequal Exchange"
https://openalex.org/W3160204869,993,0.2701,R2,True,"Food, energy or biomaterials? Policy coherence across agro-food and bioeconomy policy domains in the EU"
https://openalex.org/W4388742954,996,0.2691,R2,True,Global energy consumption of the mineral mining industry: Exploring the historical perspective and future pathways to 2060
https://openalex.org/W4360982622,1013,0.2677,R1;R4,True,Sustainable consumption and the Global South: A conceptual exposition
https://openalex.org/W4394980680,1014,0.2677,R1;R2,True,A panacea to unsustainable consumption? A review of resource caps
https://openalex.org/W4213426392,1042,0.2655,R2,True,Dynamics and Decoupling Analysis of Carbon Emissions from Construction Industry in China
https://openalex.org/W2041602540,1044,0.2652,R2,True,Welfare after Growth: Theoretical Discussion and Policy Implications
https://openalex.org/W4391474705,1059,0.2645,R4,True,The semi-periphery and ecologically unequal exchange: carbon emissions and recursive exploitation
https://openalex.org/W4321458475,1065,0.2641,R1,True,Demystifying the Economic Growth and CO2 Nexus in Fujian’s Key Industries Based on Decoupling and LMDI Model
https://openalex.org/W4361295254,1066,0.2641,R1,True,Exploring the Driving Factors and Their Spatial Effects on Carbon Emissions in the Building Sector
https://openalex.org/W4386380193,1067,0.2641,R1,True,Optimization of Urban Road Green Belts under the Background of Carbon Peak Policy
https://openalex.org/W4406175260,1068,0.2641,R1;R2,True,On the resiliency of post-crisis decoupling in higher-order economy-energy-environment nexus in high-inflation developing economies
https://openalex.org/W4387685948,1069,0.2639,R2,True,Safeguarding livelihoods against reductions in economic output
https://openalex.org/W2981247470,1075,0.2635,R2,True,Bioeconomy Transitions through the Lens of Coupled Social-Ecological Systems: A Framework for Place-Based Responsibility in the Global Resource System
https://openalex.org/W2982165506,1081,0.2629,R3,False,"Urban land and sustainable resource use: Unpacking the countervailing effects of urbanization on water use in China, 1990–2014"
https://openalex.org/W4285087953,1092,0.2616,R2,True,Closing the loop in the Slovak Republic
https://openalex.org/W3096751151,1094,0.2615,R2,True,Detailing the economy-wide carbon emission reduction potential of post-consumer recycling
https://openalex.org/W3153038573,1095,0.2615,R3,False,Estimating the total in-use stock of Laos using dynamic material flow analysis and nighttime light
https://openalex.org/W2507590465,1099,0.2611,R4,True,What Goes Around Comes Around: From the Coloniality of Power to the Crisis of Civilization
https://openalex.org/W4392241448,1111,0.2599,R1,True,Investigating the environmental Kuznets curve modified with HDI: evidence from a panel of eco-innovative countries
https://openalex.org/W4297721113,1138,0.2573,R4,True,Ecological Imperialism: A World‐Systems Approach
https://openalex.org/W4220804107,1160,0.2555,R4,False,Ecologically unequal exchange and disparate death rates attributable to air pollution: A comparative study of 169 countries from 1991 to 2017
https://openalex.org/W2122258160,1164,0.2552,R1;R2,True,Toxic Omissions and Cancerous Growths: Addressing the Unexamined Assumption of Sustainable Consumption in Technologically Innovative Societies
https://openalex.org/W4409498167,1166,0.2552,R1,True,"Fintech, ICT and Natural Resource Rent Contribution in Achieving Sustainable Green Growth Across the Globe"
https://openalex.org/W3154865069,1183,0.2536,R4,False,Urban and Peri-Urban Agriculture in the Global South
https://openalex.org/W4205882102,1187,0.2536,R2;R3,False,Trends and cycles in CO2 emissions and incomes: Cross-country evidence on decoupling
https://openalex.org/W4388540663,1204,0.2522,R4,True,"Climate change, mental health, and reproductive decision-making: A systematic review"
https://openalex.org/W2964527111,1209,0.2518,R2,True,Toward Science-Based and Knowledge-Based Targets for Global Sustainable Resource Use
https://openalex.org/W4221000352,1231,0.2498,R2,True,21st Century water withdrawal decoupling: A pathway to a more water-wise world?
https://openalex.org/W3009773614,1236,0.2496,R1;R2,True,"Towards an Innovation-Intensive Circular Economy. Integrating Research, Industry and Policies"
https://openalex.org/W3127305070,1237,0.2496,R1;R4,True,Technological Innovations and Degrowth Opportunities From Urban Egypt: Initiating the Discourse
https://openalex.org/W3197470839,1238,0.2496,R1,True,Ready for change? Interlinkages of traditional and novel practices through permaculture
https://openalex.org/W3200532504,1239,0.2496,R1,True,The green economy and the Nordic welfare state: Reconceptualizing green economy narratives from a Nordic perspective
https://openalex.org/W4389787966,1240,0.2496,R1,True,Does New Infrastructure Affect Regional Carbon Intensity? Empirical Evidence from China
https://openalex.org/W4410774557,1241,0.2496,R1;R2,True,"Do Green Innovation, Environmental Governance, and Renewable Energy Transition Drive Trade-Adjusted Resource Footprints in Top Sub-Saharan African Countries?"
https://openalex.org/W1921183857,1257,0.2483,R4,True,Uncertainty and Urban Life
https://openalex.org/W4310581888,1264,0.2476,R4,True,Too much consumption or too high emissions intensities? Explaining the high consumption-based carbon footprints in the Nordic countries
https://openalex.org/W3153467763,1271,0.2467,R4,True,Renewing power: Including global asymmetries within the system boundaries of solar photovoltaic technology
https://openalex.org/W3136209751,1281,0.2456,R4,True,Ecologically Unequal Exchange of Plastic Waste?
https://openalex.org/W1784489792,1292,0.245,R1,True,Energy and Development : ecological modernisation in Sida's energy policies 1996/2005
https://openalex.org/W4405809301,1293,0.245,R1;R2,True,Examining the link between GDP growth and raw material usage efficiency in EU nations
https://openalex.org/W3204805971,1297,0.2448,R4,True,"Feed me! China, agriculture, ecologically unequal exchange, and forest loss in a <scp>cross‐national</scp> perspective"
https://openalex.org/W3207560144,1298,0.2448,R2,True,"Questioning the Assumptions, Sustainability and Ethics of Endless Economic Growth"
https://openalex.org/W4285611596,1299,0.2448,R4,True,Corrupting Ecologically Unequal Exchange? India and Forest Loss in a Cross-National Perspective
https://openalex.org/W4293364421,1314,0.2432,R2,True,Combining world-system and world polity approaches to analyze international environmental governance: a case study of forest governance in Chile
https://openalex.org/W1884151426,1320,0.2427,R1;R2,True,Estimation of Cropland Ecological Footprint within Danish Climate Commissions 2050 Scenarios for Land use and Bioenergy Consumption
https://openalex.org/W4281677116,1321,0.2427,R1,True,Anthropogenic Factors and Environmental Degradation in Indonesia (Empirical studies using the STIRPAT Model)
https://openalex.org/W4315797940,1322,0.2427,R1,True,Assessment of the Drivers and Effects of International Science and Technology Cooperation in Xinjiang in the Context of the Belt and Road Initiative
https://openalex.org/W4411155101,1323,0.2427,R1,True,"Assessing the Saudi and Middle East Green Initiatives: The Role of Environmental Governance, Renewable Energy Transition, and Innovation in Achieving a Regional Green Future"
https://openalex.org/W4210425610,1331,0.2421,R2,True,Coupling versus Decoupling? Challenging Evidence over the Link between Economic Growth and Resource Use
https://openalex.org/W4318999627,1340,0.2416,R3,False,The material footprints of cities and importance of resource use indicators for urban circular economy policies: A comparison of urban metabolisms of Nantes-Saint-Nazaire and Gothenburg
https://openalex.org/W4308152359,1342,0.2409,R2,True,Decoupling is not enough - Evidence from fossil fuel use in over 130 countries
https://openalex.org/W4386619491,1364,0.2388,R4,True,Energy Consumption and Human Well-Being: A Systematic Review
https://openalex.org/W4399698505,1365,0.2388,R2,True,"Exploring the nexuses between carbon dioxide emissions, material footprints and human development: An empirical study of 151 countries"
https://openalex.org/W4283714445,1381,0.2376,R3,False,Socioeconomic and resource efficiency impacts of digital public services
https://openalex.org/W4387443332,1403,0.2353,R3,False,Does reducing income inequality promote the decoupling of economic growth from carbon footprint?
https://openalex.org/W3195049466,1410,0.2345,R2,True,Assessment of the Impact of the Circular Economy on CO2 Emissions in Europe
https://openalex.org/W4391418516,1416,0.234,R3,False,"Multi-dimensional decoupling analysis in the context of energy use: Dynamic well-being, resource, and impact decoupling relationships in China"
https://openalex.org/W1626762580,1418,0.2338,R1,True,"Population growth, energy use, and environmental impact: Comparing the Canadian and Swedish records on CO2 emissions"
https://openalex.org/W2586269836,1419,0.2338,R1;R2,True,Impact of Connectivity on Sustainable Development
https://openalex.org/W3216110194,1420,0.2338,R1;R2,True,Sustainable Digital Innovation – Preconditions and Methods of Integrating Sustainability Aspects into Digitalization
https://openalex.org/W4361855870,1421,0.2338,R1,True,What do data portals do? Tracing the politics of online devices for making data public
https://openalex.org/W4391108699,1422,0.2338,R1,True,The driving factors of spatial differences on the whole life cycle carbon emissions of the construction industry: from the analysis perspective of total factor productivity
https://openalex.org/W4394849783,1423,0.2338,R1,True,"role of green innovation in promoting sustainable economic development in Gweru, Zimbabwe"
https://openalex.org/W2913714623,1434,0.2327,R2,True,Devising Mineral Resource Supply Pathways to a Low-Carbon Electricity Generation by 2100
https://openalex.org/W3153805634,1435,0.2327,R2,True,Making Resilient Decisions for Sustainable Circularity of Fashion
https://openalex.org/W2164286332,1441,0.2323,R4,True,"Had we but world enough, and time: integrating the dimensions of global justice"
https://openalex.org/W3006206289,1446,0.232,R3,False,Bioeconomic transition?: Projecting consumption‐based biomass and fossil material flows to 2050
https://openalex.org/W3209883919,1447,0.232,R2,True,"The sociometabolic transition of a small Greek island: Assessing stock dynamics, resource flows, and material circularity from 1929 to 2019"
https://openalex.org/W4401604802,1474,0.2304,R3,False,"Unsustainable prosperity? Decoupling wellbeing, economic growth, and greenhouse gas emissions over the past 150 years"
https://openalex.org/W3013079304,1482,0.23,R2,True,Environmental Pollution Effect Analysis of Lead Compounds in China Based on Life Cycle
https://openalex.org/W2945681263,1490,0.2295,R2,True,Decoupling from Moral Responsibility for CSR: Employees' Visionary Procrastination at a SME
https://openalex.org/W4388416302,1494,0.2294,R4,True,"Fossil fuels, stranded assets, and the energy transition in the Global South: A systematic literature review"
https://openalex.org/W2805449072,1516,0.2275,R2,True,Contemporary Resource Policy and Decoupling Trends—Lessons Learnt from Integrated Model-Based Assessments
https://openalex.org/W2416674396,1529,0.2263,R2,True,Evidence of Absolute Decoupling from Real World Policy Mixes in Europe
https://openalex.org/W4379469167,1534,0.2261,R2,True,"Exploring Plastic-Management Policy in China: Status, Challenges and Policy Insights"
https://openalex.org/W4391404373,1541,0.2256,R3,False,Decoupling economic growth from construction waste generation: Comparative analysis between the EU and China
https://openalex.org/W4390289385,1542,0.2255,R2;R3,False,Multinational dynamic steel cycle analysis reveals sequential decoupling between material use and economic growth
https://openalex.org/W4297720902,1559,0.224,R4,True,How Has Ecological Imperialism Persisted? A Marxian Critique of the Western Climate Consensus
https://openalex.org/W3178051616,1591,0.2222,R2,True,Do Tourism Activities and Urbanization Drive Material Consumption in the OECD Countries? A Quantile Regression Approach
https://openalex.org/W3211126049,1603,0.2215,R2,True,"Carbon pricing and decoupling between greenhouse gas emissions and economic growth: A panel study of 29 European countries, 1996–2014"
https://openalex.org/W4387568982,1607,0.2214,R1,True,Socioeconomic driving forces behind air polluting emissions in Mexico
https://openalex.org/W4409277400,1608,0.2214,R1,True,"Assessing economic and social determinants of carbon emissions towards sustainable development in West Java, Indonesia"
https://openalex.org/W4295011633,1613,0.2211,R2,True,Spatial Evolutionary Characteristics and Influencing Factors of Urban Industrial Carbon Emission in China
https://openalex.org/W4283772162,1622,0.2202,R4,True,The Global Political Economy of the imperial mode of living
https://openalex.org/W4405309954,1682,0.2159,R2,True,"The influence of the Great Recession on the relationship between ecological footprint, renewable energy and economic growth"
https://openalex.org/W4393111475,1690,0.2154,R3,False,Greenhouse gas emissions and economic growth in Morocco: A decoupling analysis
https://openalex.org/W4382402931,1693,0.2151,R2,True,The Circular Economy and the Food System: A Review of Principal Measuring Tools
https://openalex.org/W4403637620,1706,0.2139,R4,True,Quantifying energy transition vulnerability helps more just and inclusive decarbonization
https://openalex.org/W2976587664,1728,0.2127,R4,True,Outside-in perspectives on the socio-econo-technological effects of climate change in Africa
https://openalex.org/W4251534524,1763,0.2109,R4,True,Earthing Philosophy of Technology
https://openalex.org/W2759382500,1786,0.2096,R4,True,Expo 2015 in Milan: the power of the Machine
https://openalex.org/W4392715542,1803,0.2088,R3,False,Gains in China's sustainability by decoupling economic growth from energy use
https://openalex.org/W4289130621,1829,0.2068,R2,True,Transitioning to a sustainable circular economy: The transformation required to decouple growth from environmental degradation
https://openalex.org/W2964527887,1834,0.2066,R2,True,Technology Enabled Social Responsibility Projects and an Empirical Test of CSR's Impact on Firm Performance
https://openalex.org/W4392814924,1836,0.2066,R4,True,"Imperialism, Ecological Imperialism, and Green Imperialism: An Overview"
https://openalex.org/W2557195567,1865,0.2049,R4,True,Environmental changes and building resilient community in Penghu Islands
https://openalex.org/W2900323749,1866,0.2049,R2,True,"Toward Low-Carbon Industry: Carbon Emission and Decoupling Status of Industry Sector in a Coastal City of Zhuhai, China"
https://openalex.org/W4388420060,1886,0.204,R3,False,Level of decoupling between economic growth and environmental pressure on Earth-system processes
https://openalex.org/W1919476101,1909,0.2026,R4,True,"""Surplus Humanity"" and the Margins of Legality: Slums, Slumdogs, and Accumulation by Dispossession"
https://openalex.org/W2221360581,1910,0.2026,R2,True,Towards Urban Resource Flow Estimates in Data Scarce Environments: The Case of African Cities
https://openalex.org/W2758135617,1949,0.2004,R2,True,The post-politics of the green economy in Turkey: re-claiming the future?
https://openalex.org/W4405924588,1966,0.2002,R4,False,Bioeconomy governance in the global South: State of the art and the way forward
https://openalex.org/W2128398514,1968,0.2,R1,True,Creating Change? - Understandings among the Smart Civil Society Organizations Initiative
https://openalex.org/W2252409191,1970,0.2,R1,True,"Panel data analysis in the demographic and spatial econometric estimation of carbon dioxide emissions sources, 1960-2010"
https://openalex.org/W2597303636,1971,0.2,R1,True,Construction of an economic model of resource use: Research and development of substitutes for non-renewable resources and waste
https://openalex.org/W4392406616,1973,0.2,R1;R2,True,"DIGITAL INFRASTRUCTURES AND ENVIRONMENTAL JUSTICE: POLICIES, PRACTICES, AND VISIONS"
https://openalex.org/W3116709441,1990,0.1991,R2,True,Addressing the COVID-19 and climate crises
https://openalex.org/W4309048196,1993,0.1991,R3,False,"Towards achieving net zero emission targets and sustainable development goals, can long-term material footprint strategies be a useful tool?"
https://openalex.org/W4401890432,1996,0.1991,R2,True,Enhancing Decision Making and Decarbonation in Environmental Management: A Review on the Role of Digital Technologies
https://openalex.org/W3038114223,2020,0.1971,R2,True,Environmental factors in trade during the great transformation: advancing the geographical coverage before 1950
https://openalex.org/W3211873497,2021,0.1971,R3,False,The methods and factors of decoupling energy usage and economic growth
https://openalex.org/W3210188600,2063,0.1946,R2,True,Domestic autonomy and environmental international non-governmental organizations: a cross-national analysis of forest loss
https://openalex.org/W4304187076,2105,0.1923,R4,True,Spatial Differentiation of Carbon Budgets and Carbon Balance Zoning in China Based on the Land Use Perspective
https://openalex.org/W3174145429,2117,0.1915,R2,True,A resource-based phosphorus footprint for urban diets
https://openalex.org/W4389100442,2125,0.1909,R4,True,The Substitute and the Excuse
https://openalex.org/W4388411208,2130,0.1907,R2,True,Multiperspective Decoupling Analyses between Global Embodied Carbon Chains and Global Value Chains
https://openalex.org/W4321167277,2158,0.189,R2,True,Key drivers of the textile and clothing industry decarbonisation within the EU-27
https://openalex.org/W4322738278,2160,0.189,R2,True,Deliberating a Sustainable Welfare–Work Nexus
https://openalex.org/W4200063877,2180,0.1877,R2,True,"Rural Experiments with the Management of Basic Resources. Key Characteristics of European Ecovillages Aiming at Partial Self-Sufficiency in Water, Food and Energy"
https://openalex.org/W2900747453,2233,0.1854,R2,True,IN THE SEARCH FOR EFFECTIVE WASTE POLICY: ALIGNMENT OF UK WASTE STRATEGY WITH THE CIRCULAR ECONOMY
https://openalex.org/W4297907588,2237,0.1854,R2,True,Is Energy Use in the EU Countries Moving toward Sustainable Development?
https://openalex.org/W4311529867,2239,0.1854,R4,True,Global Surpluses of Extraction and Slow Climate Violence: A Sociological Framework
https://openalex.org/W4393182017,2247,0.1854,R4,True,Only for the Global North? Questioning the ‘who should degrow’ issue
https://openalex.org/W2884504490,2273,0.1834,R2,True,"It's not the 'what', but the 'how': Exploring the role of debt in natural resource (un)sustainability"
https://openalex.org/W3164119676,2330,0.1813,R2,True,Municipal Urban Waste Management—Challenges for Polish Cities in an Era of Circular Resource Management
https://openalex.org/W4361751064,2336,0.1813,R2,True,Squaring the Circle: Policies from Europe's Circular Economy Transition
https://openalex.org/W4386818159,2339,0.1813,R2,True,Efficiency traps beyond the climate crisis: exploration–exploitation trade-offs and rebound effects
https://openalex.org/W3201696136,2386,0.179,R2,True,"Decoupling Energy, Water, and Food Resources Production from GHG Emissions: A Footprint Perspective Review of Africa from 1990 to 2017"
https://openalex.org/W2339639362,2396,0.1788,R4,True,Boom and gloom: comparing diverse development outcomes among oil- and mineral-dependent developing countries
https://openalex.org/W4376109915,2405,0.1788,R4,True,Ecologically Unequal Exchange and Farm Animal Welfare: An Empirical Analysis Using the Voiceless Animal Cruelty Index
https://openalex.org/W4401703498,2408,0.1788,R4,True,The Social Implications of Circular Clothing Economies in the Global North
https://openalex.org/W4367312416,2442,0.1765,R2,True,Decoupling Analysis of Energy-Related Carbon Dioxide Emissions from Economic Growth in Poland
https://openalex.org/W4391746422,2444,0.1765,R2,True,Determinants of Ecological Footprint: A Quantile Regression Approach
https://openalex.org/W3180448017,2495,0.1739,R2,True,Trends and dynamics of material and energy flows in an urban context: a case study of a city with an emerging economy
https://openalex.org/W1983476777,2546,0.1709,R2,True,"Conventional, Organic and Polycultural Farming Practices: Material Intensity of Italian Crops and Foodstuffs"
https://openalex.org/W3209165233,2630,0.1677,R4,True,Adaptation strategies for people: mitigating climate-change-related risks in low-income and informal urban communities through co-production
https://openalex.org/W4307372409,2668,0.1659,R2,True,A Review of Basic Income for Nature and Climate
https://openalex.org/W4386047886,2760,0.16,R4,True,Analyzing Global Commodity Chains and Social Reproduction
https://openalex.org/W3194259013,2762,0.1599,R4,True,The Learning Activation Approach—Understanding Indonesia’s Energy Transition by Teaching It
https://openalex.org/W4405810622,2769,0.1599,R2,True,Sustainable Development Through Energy Transition: The Role of Natural Resources and Gross Fixed Capital in China
https://openalex.org/W2896079048,2827,0.1552,R2,True,Integrating Sustainability in Business: An Essential Need in the Global Context
https://openalex.org/W3029242453,2910,0.1496,R2,True,Jevons' paradox and a tax on aviation to prevent the next pandemic
https://openalex.org/W4410019585,2925,0.1496,R4,True,Evaluation Methodologies for Circular Economy in Municipal Composting and Urban Agriculture: a Literature Review with Focus on Latin America
https://openalex.org/W2188461956,2984,0.145,R4,False,ECOLOGICAL UNEQUAL EXCHANGE: INTERNATIONAL TRADE AND UNEVEN CROSS-NATIONAL SOCIAL AND ENVIRONMENTAL PROCESSES
https://openalex.org/W4393040206,2992,0.145,R4,True,Protein for Scraps: A Study of the European Union “Circular” Raw Materials Trade
https://openalex.org/W1750949001,3034,0.1427,R4,True,"Stone weirs on Chipei Island, Taiwan--Landesque capital and ecologically unequal exchange"
https://openalex.org/W4388623880,3195,0.1338,R2,True,"Decoupling Analysis, Economic Structure on Environmental Pressure in Vietnam During 2008–2018"
https://openalex.org/W4405832380,3200,0.1338,R2,True,"Tropospheric NO2: Anthropogenic Influence, Global Trends, Satellite Data, and Machine Learning Application"
https://openalex.org/W4294882860,3401,0.1214,R4,True,Ecologies of Infrastructure in Contemporary Postcolonial Literatures
https://openalex.org/W4411240824,3406,0.1214,R4,True,Colonial Connections in the Global Climate Crisis: Historical Injustices and Contemporary Inequalities
https://openalex.org/W1769170171,3727,0.1,R4,True,"Consumer in the world-systems: understanding narratives on environmental and social impacts of consumption from Melbourne, Australia."
https://openalex.org/W2749710769,3740,0.1,R2,True,Decoupling energy and resource use from growth in the Indian construction sector : a potential analysis study
https://openalex.org/W3001149842,3746,0.1,R4,True,When the ecological-crisis meets a stratified Earth. Geo-capitalism and the racialized Anthropocene
https://openalex.org/W3082984159,3748,0.1,R4,True,Discourses of Ecologically Unequal Exchange: Processes of ‘othering’ in the European Union’s framing of trade
https://openalex.org/W3197952511,3750,0.1,R4,True,Narratives of Environmental Disaster in Ethiopia: The Political Ecology of Famine
